[debug] [2025-03-20T02:33:32.674Z] ----------------------------------------------------------------------
[debug] [2025-03-20T02:33:32.677Z] Command:       /Users/sonicgrenade/.nvm/versions/node/v20.11.1/bin/node /Users/sonicgrenade/.nvm/versions/node/v20.11.1/bin/firebase deploy
[debug] [2025-03-20T02:33:32.678Z] CLI Version:   13.19.0
[debug] [2025-03-20T02:33:32.678Z] Platform:      darwin
[debug] [2025-03-20T02:33:32.678Z] Node Version:  v20.11.1
[debug] [2025-03-20T02:33:32.678Z] Time:          Wed Mar 19 2025 22:33:32 GMT-0400 (Eastern Daylight Time)
[debug] [2025-03-20T02:33:32.678Z] ----------------------------------------------------------------------
[debug] 
[debug] [2025-03-20T02:33:32.751Z] Object "" in "firebase.json" has unknown property: {"additionalProperty":"rewrites"}
[debug] [2025-03-20T02:33:32.758Z] > command requires scopes: ["email","openid","https://www.googleapis.com/auth/cloudplatformprojects.readonly","https://www.googleapis.com/auth/firebase","https://www.googleapis.com/auth/cloud-platform"]
[debug] [2025-03-20T02:33:32.758Z] > authorizing via signed-in user (dardifelice@gmail.com)
[debug] [2025-03-20T02:33:32.758Z] [iam] checking project barcatscleaning for permissions ["cloudfunctions.functions.create","cloudfunctions.functions.delete","cloudfunctions.functions.get","cloudfunctions.functions.list","cloudfunctions.functions.update","cloudfunctions.operations.get","firebase.projects.get","firebasehosting.sites.update"]
[debug] [2025-03-20T02:33:32.760Z] > refreshing access token with scopes: []
[debug] [2025-03-20T02:33:32.762Z] >>> [apiv2][query] POST https://www.googleapis.com/oauth2/v3/token [none]
[debug] [2025-03-20T02:33:32.763Z] >>> [apiv2][body] POST https://www.googleapis.com/oauth2/v3/token [omitted]
[debug] [2025-03-20T02:33:32.970Z] <<< [apiv2][status] POST https://www.googleapis.com/oauth2/v3/token 200
[debug] [2025-03-20T02:33:32.970Z] <<< [apiv2][body] POST https://www.googleapis.com/oauth2/v3/token [omitted]
[debug] [2025-03-20T02:33:32.995Z] >>> [apiv2][query] POST https://cloudresourcemanager.googleapis.com/v1/projects/barcatscleaning:testIamPermissions [none]
[debug] [2025-03-20T02:33:32.996Z] >>> [apiv2][(partial)header] POST https://cloudresourcemanager.googleapis.com/v1/projects/barcatscleaning:testIamPermissions x-goog-quota-user=projects/barcatscleaning
[debug] [2025-03-20T02:33:32.996Z] >>> [apiv2][body] POST https://cloudresourcemanager.googleapis.com/v1/projects/barcatscleaning:testIamPermissions {"permissions":["cloudfunctions.functions.create","cloudfunctions.functions.delete","cloudfunctions.functions.get","cloudfunctions.functions.list","cloudfunctions.functions.update","cloudfunctions.operations.get","firebase.projects.get","firebasehosting.sites.update"]}
[debug] [2025-03-20T02:33:33.292Z] <<< [apiv2][status] POST https://cloudresourcemanager.googleapis.com/v1/projects/barcatscleaning:testIamPermissions 200
[debug] [2025-03-20T02:33:33.292Z] <<< [apiv2][body] POST https://cloudresourcemanager.googleapis.com/v1/projects/barcatscleaning:testIamPermissions {"permissions":["cloudfunctions.functions.create","cloudfunctions.functions.delete","cloudfunctions.functions.get","cloudfunctions.functions.list","cloudfunctions.functions.update","cloudfunctions.operations.get","firebase.projects.get","firebasehosting.sites.update"]}
[debug] [2025-03-20T02:33:33.292Z] >>> [apiv2][query] POST https://iam.googleapis.com/v1/projects/barcatscleaning/serviceAccounts/barcatscleaning@appspot.gserviceaccount.com:testIamPermissions [none]
[debug] [2025-03-20T02:33:33.293Z] >>> [apiv2][body] POST https://iam.googleapis.com/v1/projects/barcatscleaning/serviceAccounts/barcatscleaning@appspot.gserviceaccount.com:testIamPermissions {"permissions":["iam.serviceAccounts.actAs"]}
[debug] [2025-03-20T02:33:33.640Z] <<< [apiv2][status] POST https://iam.googleapis.com/v1/projects/barcatscleaning/serviceAccounts/barcatscleaning@appspot.gserviceaccount.com:testIamPermissions 200
[debug] [2025-03-20T02:33:33.640Z] <<< [apiv2][body] POST https://iam.googleapis.com/v1/projects/barcatscleaning/serviceAccounts/barcatscleaning@appspot.gserviceaccount.com:testIamPermissions {"permissions":["iam.serviceAccounts.actAs"]}
[debug] [2025-03-20T02:33:33.641Z] >>> [apiv2][query] GET https://firebase.googleapis.com/v1beta1/projects/barcatscleaning [none]
[debug] [2025-03-20T02:33:34.027Z] <<< [apiv2][status] GET https://firebase.googleapis.com/v1beta1/projects/barcatscleaning 200
[debug] [2025-03-20T02:33:34.027Z] <<< [apiv2][body] GET https://firebase.googleapis.com/v1beta1/projects/barcatscleaning {"projectId":"barcatscleaning","projectNumber":"350733304017","displayName":"barcatscleaning","name":"projects/barcatscleaning","resources":{"hostingSite":"barcatscleaning","realtimeDatabaseInstance":"barcatscleaning-default-rtdb","locationId":"us-central"},"state":"ACTIVE","etag":"1_600a34ae-7659-4147-b4d1-b299e6bd9241"}
[debug] [2025-03-20T02:33:44.699Z] defaultcredentials: writing to file /Users/sonicgrenade/.config/firebase/dardifelice_gmail_com_application_default_credentials.json
[debug] [2025-03-20T02:33:44.703Z] >>> [apiv2][query] GET https://firebasehosting.googleapis.com/v1beta1/projects/barcatscleaning/sites pageToken=&pageSize=10
[debug] [2025-03-20T02:33:45.457Z] <<< [apiv2][status] GET https://firebasehosting.googleapis.com/v1beta1/projects/barcatscleaning/sites 200
[debug] [2025-03-20T02:33:45.458Z] <<< [apiv2][body] GET https://firebasehosting.googleapis.com/v1beta1/projects/barcatscleaning/sites {"sites":[{"name":"projects/barcatscleaning/sites/barcatscleaning","defaultUrl":"https://barcatscleaning.web.app","appId":"1:350733304017:web:d4c58173433996facc45f0","type":"DEFAULT_SITE"}]}
[debug] [2025-03-20T02:33:45.459Z] >>> [apiv2][query] GET https://firebase.googleapis.com/v1beta1/projects/-/webApps/1:350733304017:web:d4c58173433996facc45f0/config [none]
[debug] [2025-03-20T02:33:46.022Z] <<< [apiv2][status] GET https://firebase.googleapis.com/v1beta1/projects/-/webApps/1:350733304017:web:d4c58173433996facc45f0/config 200
[debug] [2025-03-20T02:33:46.022Z] <<< [apiv2][body] GET https://firebase.googleapis.com/v1beta1/projects/-/webApps/1:350733304017:web:d4c58173433996facc45f0/config {"projectId":"barcatscleaning","appId":"1:350733304017:web:d4c58173433996facc45f0","databaseURL":"https://barcatscleaning-default-rtdb.firebaseio.com","storageBucket":"barcatscleaning.appspot.com","locationId":"us-central","apiKey":"AIzaSyAxpmVj8ZXVRcr5dCfnfTJLNrUhBpA-75k","authDomain":"barcatscleaning.firebaseapp.com","messagingSenderId":"350733304017","measurementId":"G-TZ0W3YVW2G"}
[info] 
   Thank you for trying our early preview of Next.js support on Firebase Hosting.
   During the preview, support is best-effort and breaking changes can be expected. Proceed with caution.
   The integration is known to work with Next.js version 12 - 14.0. You may encounter errors.

   Documentation: https://firebase.google.com/docs/hosting/frameworks/nextjs
   File a bug: https://github.com/firebase/firebase-tools/issues/new?template=bug_report.md
   Submit a feature request: https://github.com/firebase/firebase-tools/issues/new?template=feature_request.md

   We'd love to learn from you. Express your interest in helping us shape the future of Firebase Hosting: https://goo.gle/41enW5X

[debug] [2025-03-20T02:34:05.075Z] >>> [apiv2][query] GET https://firebasehosting.googleapis.com/v1beta1/projects/barcatscleaning/sites/barcatscleaning [none]
[debug] [2025-03-20T02:34:05.372Z] <<< [apiv2][status] GET https://firebasehosting.googleapis.com/v1beta1/projects/barcatscleaning/sites/barcatscleaning 200
[debug] [2025-03-20T02:34:05.372Z] <<< [apiv2][body] GET https://firebasehosting.googleapis.com/v1beta1/projects/barcatscleaning/sites/barcatscleaning {"name":"projects/barcatscleaning/sites/barcatscleaning","defaultUrl":"https://barcatscleaning.web.app","appId":"1:350733304017:web:d4c58173433996facc45f0","type":"DEFAULT_SITE"}
[info]   ▲ Next.js 14.2.11

[info]   - Environments: .env


[info]    Creating an optimized production build ...

[info]  ✓ Compiled successfully

[info]    Linting and checking validity of types ...

[info]    Collecting page data ...

[info]    Generating static pages (0/16) ...

[info]    Generating static pages (4/16) 
   Generating static pages (8/16) 

[info]    Generating static pages (12/16) 

[info]  ✓ Generating static pages (16/16)

[info]    Finalizing page optimization ...

[info]    Collecting build traces ...

[info] 

[info] Route (app)                               Size     First Load JS
┌ ○ /                                     10.9 kB         278 kB
├ ○ /_not-found                           136 B          87.6 kB
├ ○ /admin                                2.68 kB         226 kB
├ ○ /admin/create                         1.96 kB         204 kB
├ ○ /admin/home                           3.6 kB          227 kB
├ ○ /admin/login                          1.85 kB         204 kB
├ ○ /admin/register                       1.77 kB         204 kB
├ ● /admin/update/[serviceId]             317 kB          541 kB
├   ├ /admin/update/1aN2nyB5nsoOoRIIQJOg
├   ├ /admin/update/7BHyEbFZcRtmGOZYVaBi
├   └ /admin/update/IZX7bmIfb8eC5vRy5RRx
├ ○ /contact                              1.19 kB         147 kB
└ ● /services/[slug]                      2.05 kB         119 kB
    ├ /services/bars-pubs
    ├ /services/commercial-businesses
    └ /services/restaurants-diners-cafes
+ First Load JS shared by all             87.4 kB
  ├ chunks/2fecfac3-5cb849862c26464c.js   53.6 kB
  ├ chunks/882-50b5485c5e1c7124.js        31.6 kB
  └ other shared chunks (total)           2.24 kB

Route (pages)                             Size     First Load JS
┌ ƒ /api/fetchHomepage                    0 B            79.2 kB
├ ƒ /api/getReviews                       0 B            79.2 kB
├ ƒ /api/homepage                         0 B            79.2 kB
├ ƒ /api/homepage/create                  0 B            79.2 kB
├ ƒ /api/homepage/delete                  0 B            79.2 kB
├ ƒ /api/homepage/update                  0 B            79.2 kB
├ ƒ /api/sendEmail                        0 B            79.2 kB
├ ƒ /api/services                         0 B            79.2 kB
├ ƒ /api/services/create                  0 B            79.2 kB
├ ƒ /api/services/delete                  0 B            79.2 kB
├ ƒ /api/services/update                  0 B            79.2 kB
└ ƒ /api/sitemap                          0 B            79.2 kB
+ First Load JS shared by all             79.2 kB
  ├ chunks/framework-6e06c675866dc992.js  44.8 kB
  ├ chunks/main-bc7912004b1fdd83.js       32.2 kB
  └ other shared chunks (total)           2.21 kB

[info] 
○  (Static)   prerendered as static content
●  (SSG)      prerendered as static HTML (uses getStaticProps)
ƒ  (Dynamic)  server-rendered on demand


[info] Building a Cloud Function to run this application. This is needed due to:
[info]  • use of fallback /services/[slug]
[info]  • use of fallback /admin/update/[serviceId]
[info]  • non-static route /api/homepage/delete
[info]  • non-static route /api/sendEmail
[info]  • non-static route /api/homepage
[debug] [2025-03-20T02:34:40.241Z]  • non-static route /api/getReviews
[debug] [2025-03-20T02:34:40.241Z]  • non-static route /api/homepage/update
[debug] [2025-03-20T02:34:40.241Z]  • non-static route /api/services/delete
[debug] [2025-03-20T02:34:40.241Z]  • non-static route /api/services/update
[debug] [2025-03-20T02:34:40.241Z]  • non-static route /api/sitemap
[debug] [2025-03-20T02:34:40.241Z]  • non-static route /api/services
[debug] [2025-03-20T02:34:40.241Z]  • non-static route /api/fetchHomepage
[debug] [2025-03-20T02:34:40.241Z]  • non-static route /api/homepage/create
[debug] [2025-03-20T02:34:40.241Z]  • non-static route /api/services/create
[info]  • and 9 other reasons, use --debug to see more
[info] 
[debug] [2025-03-20T02:35:27.883Z] >>> [apiv2][query] GET https://firebasehosting.googleapis.com/v1beta1/projects/barcatscleaning/sites/barcatscleaning [none]
[debug] [2025-03-20T02:35:28.524Z] <<< [apiv2][status] GET https://firebasehosting.googleapis.com/v1beta1/projects/barcatscleaning/sites/barcatscleaning 200
[debug] [2025-03-20T02:35:28.524Z] <<< [apiv2][body] GET https://firebasehosting.googleapis.com/v1beta1/projects/barcatscleaning/sites/barcatscleaning {"name":"projects/barcatscleaning/sites/barcatscleaning","defaultUrl":"https://barcatscleaning.web.app","appId":"1:350733304017:web:d4c58173433996facc45f0","type":"DEFAULT_SITE"}
[debug] [2025-03-20T02:35:37.450Z] [web frameworks] effective firebase.json:  {
  "hosting": [
    {
      "source": ".",
      "ignore": [
        "firebase.json",
        "**/.*",
        "**/node_modules/**"
      ],
      "frameworksBackend": {
        "region": "us-central1"
      },
      "site": "barcatscleaning",
      "rewrites": [
        {
          "source": "**",
          "function": {
            "functionId": "ssrbarcatscleaning",
            "region": "us-central1",
            "pinTag": true
          }
        }
      ],
      "redirects": [],
      "headers": [
        {
          "source": "/admin/home",
          "headers": [
            {
              "key": "x-next-cache-tags",
              "value": "_N_T_/layout,_N_T_/admin/layout,_N_T_/admin/home/layout,_N_T_/admin/home/page,_N_T_/admin/home"
            }
          ]
        },
        {
          "source": "/admin/login",
          "headers": [
            {
              "key": "x-next-cache-tags",
              "value": "_N_T_/layout,_N_T_/admin/layout,_N_T_/admin/login/layout,_N_T_/admin/login/page,_N_T_/admin/login"
            }
          ]
        },
        {
          "source": "/admin/register",
          "headers": [
            {
              "key": "x-next-cache-tags",
              "value": "_N_T_/layout,_N_T_/admin/layout,_N_T_/admin/register/layout,_N_T_/admin/register/page,_N_T_/admin/register"
            }
          ]
        },
        {
          "source": "/admin",
          "headers": [
            {
              "key": "x-next-cache-tags",
              "value": "_N_T_/layout,_N_T_/admin/layout,_N_T_/admin/page,_N_T_/admin"
            }
          ]
        },
        {
          "source": "/admin/create",
          "headers": [
            {
              "key": "x-next-cache-tags",
              "value": "_N_T_/layout,_N_T_/admin/layout,_N_T_/admin/create/layout,_N_T_/admin/create/page,_N_T_/admin/create"
            }
          ]
        },
        {
          "source": "/_not-found",
          "headers": [
            {
              "key": "x-next-cache-tags",
              "value": "_N_T_/layout,_N_T_/_not-found/layout,_N_T_/_not-found/page,_N_T_/_not-found"
            }
          ]
        },
        {
          "source": "/contact",
          "headers": [
            {
              "key": "x-next-cache-tags",
              "value": "_N_T_/layout,_N_T_/contact/layout,_N_T_/contact/page,_N_T_/contact"
            }
          ]
        },
        {
          "source": "**/*.[jt]s",
          "headers": [
            {
              "key": "Set-Cookie",
              "value": "__FIREBASE_DEFAULTS__=eyJjb25maWciOnsicHJvamVjdElkIjoiYmFyY2F0c2NsZWFuaW5nIiwiYXBwSWQiOiIxOjM1MDczMzMwNDAxNzp3ZWI6ZDRjNTgxNzM0MzM5OTZmYWNjNDVmMCIsImRhdGFiYXNlVVJMIjoiaHR0cHM6Ly9iYXJjYXRzY2xlYW5pbmctZGVmYXVsdC1ydGRiLmZpcmViYXNlaW8uY29tIiwic3RvcmFnZUJ1Y2tldCI6ImJhcmNhdHNjbGVhbmluZy5hcHBzcG90LmNvbSIsImxvY2F0aW9uSWQiOiJ1cy1jZW50cmFsIiwiYXBpS2V5IjoiQUl6YVN5QXhwbVZqOFpYVlJjcjVkQ2ZuZlRKTE5yVWhCcEEtNzVrIiwiYXV0aERvbWFpbiI6ImJhcmNhdHNjbGVhbmluZy5maXJlYmFzZWFwcC5jb20iLCJtZXNzYWdpbmdTZW5kZXJJZCI6IjM1MDczMzMwNDAxNyIsIm1lYXN1cmVtZW50SWQiOiJHLVRaMFczWVZXMkcifSwiX2F1dGhUb2tlblN5bmNVUkwiOiIvX19zZXNzaW9uIn0; SameSite=Strict; Expires=2027-02-12T13:15:37.450Z; Path=/;"
            }
          ]
        }
      ],
      "cleanUrls": true,
      "trailingSlash": false,
      "public": ".firebase/barcatscleaning/hosting",
      "webFramework": "next_ssr"
    }
  ],
  "functions": [
    {
      "source": "functions",
      "codebase": "default",
      "region": "us-central1",
      "runtime": "nodejs20",
      "ignore": [
        "node_modules",
        ".git",
        "firebase-debug.log",
        "firebase-debug.*.log",
        "*.local"
      ],
      "predeploy": [
        "npm --prefix \"$RESOURCE_DIR\" run lint",
        "npm --prefix \"$RESOURCE_DIR\" run build"
      ]
    },
    {
      "source": ".firebase/barcatscleaning/functions",
      "codebase": "firebase-frameworks-barcatscleaning"
    }
  ]
}
[info] 
[info] === Deploying to 'barcatscleaning'...
[info] 
[info] i  deploying functions, hosting 
[info] Running command: npm --prefix "$RESOURCE_DIR" run lint
[info] Running command: npm --prefix "$RESOURCE_DIR" run build
[info] ✔  functions: Finished running predeploy script. 
[debug] [2025-03-20T02:35:49.268Z] >>> [apiv2][query] GET https://firebase.googleapis.com/v1beta1/projects/barcatscleaning [none]
[debug] [2025-03-20T02:35:49.636Z] <<< [apiv2][status] GET https://firebase.googleapis.com/v1beta1/projects/barcatscleaning 200
[debug] [2025-03-20T02:35:49.636Z] <<< [apiv2][body] GET https://firebase.googleapis.com/v1beta1/projects/barcatscleaning {"projectId":"barcatscleaning","projectNumber":"350733304017","displayName":"barcatscleaning","name":"projects/barcatscleaning","resources":{"hostingSite":"barcatscleaning","realtimeDatabaseInstance":"barcatscleaning-default-rtdb","locationId":"us-central"},"state":"ACTIVE","etag":"1_600a34ae-7659-4147-b4d1-b299e6bd9241"}
[info] i  functions: preparing codebase default for deployment 
[info] i  functions: preparing codebase firebase-frameworks-barcatscleaning for deployment 
[info] i  functions: ensuring required API cloudfunctions.googleapis.com is enabled... 
[info] i  functions: ensuring required API cloudbuild.googleapis.com is enabled... 
[info] i  artifactregistry: ensuring required API artifactregistry.googleapis.com is enabled... 
[debug] [2025-03-20T02:35:49.639Z] >>> [apiv2][query] GET https://serviceusage.googleapis.com/v1/projects/barcatscleaning/services/cloudfunctions.googleapis.com [none]
[debug] [2025-03-20T02:35:49.639Z] >>> [apiv2][(partial)header] GET https://serviceusage.googleapis.com/v1/projects/barcatscleaning/services/cloudfunctions.googleapis.com x-goog-quota-user=projects/barcatscleaning
[debug] [2025-03-20T02:35:49.640Z] >>> [apiv2][query] GET https://serviceusage.googleapis.com/v1/projects/barcatscleaning/services/runtimeconfig.googleapis.com [none]
[debug] [2025-03-20T02:35:49.641Z] >>> [apiv2][(partial)header] GET https://serviceusage.googleapis.com/v1/projects/barcatscleaning/services/runtimeconfig.googleapis.com x-goog-quota-user=projects/barcatscleaning
[debug] [2025-03-20T02:35:49.642Z] >>> [apiv2][query] GET https://serviceusage.googleapis.com/v1/projects/barcatscleaning/services/cloudbuild.googleapis.com [none]
[debug] [2025-03-20T02:35:49.642Z] >>> [apiv2][(partial)header] GET https://serviceusage.googleapis.com/v1/projects/barcatscleaning/services/cloudbuild.googleapis.com x-goog-quota-user=projects/barcatscleaning
[debug] [2025-03-20T02:35:49.644Z] >>> [apiv2][query] GET https://serviceusage.googleapis.com/v1/projects/barcatscleaning/services/artifactregistry.googleapis.com [none]
[debug] [2025-03-20T02:35:49.644Z] >>> [apiv2][(partial)header] GET https://serviceusage.googleapis.com/v1/projects/barcatscleaning/services/artifactregistry.googleapis.com x-goog-quota-user=projects/barcatscleaning
[debug] [2025-03-20T02:35:49.958Z] <<< [apiv2][status] GET https://serviceusage.googleapis.com/v1/projects/barcatscleaning/services/artifactregistry.googleapis.com 200
[debug] [2025-03-20T02:35:49.958Z] <<< [apiv2][body] GET https://serviceusage.googleapis.com/v1/projects/barcatscleaning/services/artifactregistry.googleapis.com [omitted]
[info] ✔  artifactregistry: required API artifactregistry.googleapis.com is enabled 
[debug] [2025-03-20T02:35:50.059Z] <<< [apiv2][status] GET https://serviceusage.googleapis.com/v1/projects/barcatscleaning/services/runtimeconfig.googleapis.com 200
[debug] [2025-03-20T02:35:50.059Z] <<< [apiv2][body] GET https://serviceusage.googleapis.com/v1/projects/barcatscleaning/services/runtimeconfig.googleapis.com [omitted]
[debug] [2025-03-20T02:35:50.069Z] <<< [apiv2][status] GET https://serviceusage.googleapis.com/v1/projects/barcatscleaning/services/cloudbuild.googleapis.com 200
[debug] [2025-03-20T02:35:50.070Z] <<< [apiv2][body] GET https://serviceusage.googleapis.com/v1/projects/barcatscleaning/services/cloudbuild.googleapis.com [omitted]
[info] ✔  functions: required API cloudbuild.googleapis.com is enabled 
[debug] [2025-03-20T02:35:50.082Z] <<< [apiv2][status] GET https://serviceusage.googleapis.com/v1/projects/barcatscleaning/services/cloudfunctions.googleapis.com 200
[debug] [2025-03-20T02:35:50.082Z] <<< [apiv2][body] GET https://serviceusage.googleapis.com/v1/projects/barcatscleaning/services/cloudfunctions.googleapis.com [omitted]
[info] ✔  functions: required API cloudfunctions.googleapis.com is enabled 
[debug] [2025-03-20T02:35:50.083Z] >>> [apiv2][query] GET https://firebase.googleapis.com/v1beta1/projects/barcatscleaning/adminSdkConfig [none]
[debug] [2025-03-20T02:35:50.573Z] <<< [apiv2][status] GET https://firebase.googleapis.com/v1beta1/projects/barcatscleaning/adminSdkConfig 200
[debug] [2025-03-20T02:35:50.573Z] <<< [apiv2][body] GET https://firebase.googleapis.com/v1beta1/projects/barcatscleaning/adminSdkConfig {"projectId":"barcatscleaning","databaseURL":"https://barcatscleaning-default-rtdb.firebaseio.com","storageBucket":"barcatscleaning.appspot.com","locationId":"us-central"}
[debug] [2025-03-20T02:35:50.575Z] >>> [apiv2][query] GET https://runtimeconfig.googleapis.com/v1beta1/projects/barcatscleaning/configs [none]
[debug] [2025-03-20T02:35:50.778Z] <<< [apiv2][status] GET https://runtimeconfig.googleapis.com/v1beta1/projects/barcatscleaning/configs 200
[debug] [2025-03-20T02:35:50.778Z] <<< [apiv2][body] GET https://runtimeconfig.googleapis.com/v1beta1/projects/barcatscleaning/configs {"configs":[{"name":"projects/barcatscleaning/configs/gmail"}]}
[debug] [2025-03-20T02:35:50.779Z] >>> [apiv2][query] GET https://runtimeconfig.googleapis.com/v1beta1/projects/barcatscleaning/configs/gmail/variables [none]
[debug] [2025-03-20T02:35:50.893Z] <<< [apiv2][status] GET https://runtimeconfig.googleapis.com/v1beta1/projects/barcatscleaning/configs/gmail/variables 200
[debug] [2025-03-20T02:35:50.893Z] <<< [apiv2][body] GET https://runtimeconfig.googleapis.com/v1beta1/projects/barcatscleaning/configs/gmail/variables {"variables":[{"name":"projects/barcatscleaning/configs/gmail/variables/recipient","updateTime":"2024-08-30T01:46:38.121284595Z"},{"name":"projects/barcatscleaning/configs/gmail/variables/user","updateTime":"2024-08-30T01:46:38.128851996Z"},{"name":"projects/barcatscleaning/configs/gmail/variables/email","updateTime":"2024-10-27T00:04:13.414333109Z"},{"name":"projects/barcatscleaning/configs/gmail/variables/pass","updateTime":"2024-08-30T01:46:38.119511583Z"},{"name":"projects/barcatscleaning/configs/gmail/variables/password","updateTime":"2024-10-27T00:04:13.399174176Z"}]}
[debug] [2025-03-20T02:35:50.894Z] >>> [apiv2][query] GET https://runtimeconfig.googleapis.com/v1beta1/projects/barcatscleaning/configs/gmail/variables/recipient [none]
[debug] [2025-03-20T02:35:50.894Z] >>> [apiv2][query] GET https://runtimeconfig.googleapis.com/v1beta1/projects/barcatscleaning/configs/gmail/variables/user [none]
[debug] [2025-03-20T02:35:50.897Z] >>> [apiv2][query] GET https://runtimeconfig.googleapis.com/v1beta1/projects/barcatscleaning/configs/gmail/variables/email [none]
[debug] [2025-03-20T02:35:50.899Z] >>> [apiv2][query] GET https://runtimeconfig.googleapis.com/v1beta1/projects/barcatscleaning/configs/gmail/variables/pass [none]
[debug] [2025-03-20T02:35:50.900Z] >>> [apiv2][query] GET https://runtimeconfig.googleapis.com/v1beta1/projects/barcatscleaning/configs/gmail/variables/password [none]
[debug] [2025-03-20T02:35:51.025Z] <<< [apiv2][status] GET https://runtimeconfig.googleapis.com/v1beta1/projects/barcatscleaning/configs/gmail/variables/password 200
[debug] [2025-03-20T02:35:51.026Z] <<< [apiv2][body] GET https://runtimeconfig.googleapis.com/v1beta1/projects/barcatscleaning/configs/gmail/variables/password {"name":"projects/barcatscleaning/configs/gmail/variables/password","updateTime":"2024-10-27T00:04:13.399174176Z","text":"jfgf shcn zuhm ohfu"}
[debug] [2025-03-20T02:35:51.027Z] <<< [apiv2][status] GET https://runtimeconfig.googleapis.com/v1beta1/projects/barcatscleaning/configs/gmail/variables/recipient 200
[debug] [2025-03-20T02:35:51.027Z] <<< [apiv2][body] GET https://runtimeconfig.googleapis.com/v1beta1/projects/barcatscleaning/configs/gmail/variables/recipient {"name":"projects/barcatscleaning/configs/gmail/variables/recipient","updateTime":"2024-08-30T01:46:38.121284595Z","text":"dardifelice@gmail.com"}
[debug] [2025-03-20T02:35:51.044Z] <<< [apiv2][status] GET https://runtimeconfig.googleapis.com/v1beta1/projects/barcatscleaning/configs/gmail/variables/pass 200
[debug] [2025-03-20T02:35:51.044Z] <<< [apiv2][body] GET https://runtimeconfig.googleapis.com/v1beta1/projects/barcatscleaning/configs/gmail/variables/pass {"name":"projects/barcatscleaning/configs/gmail/variables/pass","updateTime":"2024-08-30T01:46:38.119511583Z","text":"NE@retNjn7F&jjXK"}
[debug] [2025-03-20T02:35:51.045Z] <<< [apiv2][status] GET https://runtimeconfig.googleapis.com/v1beta1/projects/barcatscleaning/configs/gmail/variables/email 200
[debug] [2025-03-20T02:35:51.045Z] <<< [apiv2][body] GET https://runtimeconfig.googleapis.com/v1beta1/projects/barcatscleaning/configs/gmail/variables/email {"name":"projects/barcatscleaning/configs/gmail/variables/email","updateTime":"2024-10-27T00:04:13.414333109Z","text":"barcatsclean@gmail.com"}
[debug] [2025-03-20T02:35:51.046Z] <<< [apiv2][status] GET https://runtimeconfig.googleapis.com/v1beta1/projects/barcatscleaning/configs/gmail/variables/user 200
[debug] [2025-03-20T02:35:51.046Z] <<< [apiv2][body] GET https://runtimeconfig.googleapis.com/v1beta1/projects/barcatscleaning/configs/gmail/variables/user {"name":"projects/barcatscleaning/configs/gmail/variables/user","updateTime":"2024-08-30T01:46:38.128851996Z","text":"dardifelice@gmail.com"}
[debug] [2025-03-20T02:35:51.047Z] Validating nodejs source
[warn] ⚠  functions: package.json indicates an outdated version of firebase-functions. Please upgrade using npm install --save firebase-functions@latest in your functions directory. 
[debug] [2025-03-20T02:35:51.697Z] > [functions] package.json contents: {
  "name": "functions",
  "scripts": {
    "lint": "eslint --ext .js,.ts .",
    "build": "tsc",
    "build:watch": "tsc --watch",
    "serve": "npm run build && firebase emulators:start --only functions",
    "shell": "npm run build && firebase functions:shell",
    "start": "npm run shell",
    "deploy": "firebase deploy --only functions",
    "logs": "firebase functions:log"
  },
  "engines": {
    "node": "20"
  },
  "main": "lib/index.js",
  "dependencies": {
    "@google-cloud/functions-framework": "^3.4.2",
    "cors": "^2.8.5",
    "dotenv": "^16.4.5",
    "firebase-admin": "^12.1.0",
    "firebase-functions": "^6.0.1",
    "nodemailer": "^6.9.15"
  },
  "devDependencies": {
    "@types/cors": "^2.8.17",
    "@types/nodemailer": "^6.4.16",
    "@typescript-eslint/eslint-plugin": "^5.12.0",
    "@typescript-eslint/parser": "^5.12.0",
    "esbuild": "^0.24.0",
    "eslint": "^8.9.0",
    "eslint-config-google": "^0.14.0",
    "eslint-plugin-import": "^2.25.4",
    "firebase-functions-test": "^3.1.0",
    "typescript": "^4.9.0"
  },
  "private": true
}
[debug] [2025-03-20T02:35:51.697Z] Building nodejs source
[info] i  functions: Loading and analyzing source code for codebase default to determine what to deploy 
[debug] [2025-03-20T02:35:51.698Z] Could not find functions.yaml. Must use http discovery
[debug] [2025-03-20T02:35:51.705Z] Found firebase-functions binary at '/Users/sonicgrenade/Sites/barcats site/barcats/functions/node_modules/.bin/firebase-functions'
[info] Serving at port 8839

[debug] [2025-03-20T02:35:52.473Z] Got response from /__/functions.yaml {"endpoints":{"sendEmail":{"platform":"gcfv1","availableMemoryMb":null,"timeoutSeconds":null,"minInstances":null,"maxInstances":null,"ingressSettings":null,"serviceAccountEmail":null,"vpc":null,"httpsTrigger":{},"entryPoint":"sendEmail"}},"specVersion":"v1alpha1","requiredAPIs":[],"extensions":{}}
[debug] [2025-03-20T02:35:57.499Z] Validating nodejs source
[warn] ⚠  functions: package.json indicates an outdated version of firebase-functions. Please upgrade using npm install --save firebase-functions@latest in your functions directory. 
[warn] ⚠  functions: Please note that there will be breaking changes when you upgrade. 
[debug] [2025-03-20T02:35:58.194Z] > [functions] package.json contents: {
  "name": "barcats",
  "version": "0.1.0",
  "private": true,
  "main": "server.js",
  "dependencies": {
    "@babel/preset-env": "^7.25.4",
    "@babel/preset-react": "^7.24.7",
    "@ckeditor/ckeditor5-build-classic": "^42.0.2",
    "@ckeditor/ckeditor5-react": "^8.0.0",
    "@emotion/cache": "^11.13.1",
    "@emotion/react": "^11.13.0",
    "@emotion/styled": "^11.13.0",
    "@formkit/auto-animate": "^0.8.2",
    "@mui/icons-material": "^5.16.7",
    "@mui/material": "^5.16.7",
    "@mui/material-nextjs": "^5.16.6",
    "@next/font": "14.2.5",
    "@reduxjs/toolkit": "^2.2.7",
    "@types/node": "20.14.11",
    "@types/react": "18.3.3",
    "@types/react-dom": "18.3.0",
    "dotenv": "^16.4.5",
    "eslint": "8.57.0",
    "eslint-config-next": "14.2.5",
    "firebase": "^10.12.4",
    "firebase-admin": "^12.5.0",
    "formik": "^2.4.6",
    "framer-motion": "^11.3.7",
    "moment": "^2.30.1",
    "next": "^14.2.11",
    "next-sitemap": "^4.2.3",
    "react": "18.3.1",
    "react-bootstrap": "^2.10.4",
    "react-dom": "18.3.1",
    "react-ga4": "^2.1.0",
    "react-icons": "^5.2.1",
    "react-redux": "^9.1.2",
    "react-toastify": "^10.0.5",
    "sharp": "^0.33.5",
    "swiper": "^11.1.14",
    "typescript": "5.5.3",
    "yup": "^1.4.0",
    "firebase-frameworks": "^0.11.0",
    "firebase-functions": "^4.5.0"
  },
  "engines": {
    "node": "20"
  }
}
[debug] [2025-03-20T02:35:58.194Z] Building nodejs source
[info] i  functions: Loading and analyzing source code for codebase firebase-frameworks-barcatscleaning to determine what to deploy 
[warn] ⚠  functions: You are using an old version of firebase-functions SDK (4.9.0). Please update firebase-functions SDK to >=5.1.0 
[info] i  extensions: ensuring required API firebaseextensions.googleapis.com is enabled... 
[debug] [2025-03-20T02:35:58.526Z] >>> [apiv2][query] GET https://serviceusage.googleapis.com/v1/projects/barcatscleaning/services/firebaseextensions.googleapis.com [none]
[debug] [2025-03-20T02:35:58.526Z] >>> [apiv2][(partial)header] GET https://serviceusage.googleapis.com/v1/projects/barcatscleaning/services/firebaseextensions.googleapis.com x-goog-quota-user=projects/barcatscleaning
[debug] [2025-03-20T02:35:58.930Z] <<< [apiv2][status] GET https://serviceusage.googleapis.com/v1/projects/barcatscleaning/services/firebaseextensions.googleapis.com 200
[debug] [2025-03-20T02:35:58.931Z] <<< [apiv2][body] GET https://serviceusage.googleapis.com/v1/projects/barcatscleaning/services/firebaseextensions.googleapis.com [omitted]
[info] ✔  extensions: required API firebaseextensions.googleapis.com is enabled 
[debug] [2025-03-20T02:35:58.931Z] > command requires scopes: ["email","openid","https://www.googleapis.com/auth/cloudplatformprojects.readonly","https://www.googleapis.com/auth/firebase","https://www.googleapis.com/auth/cloud-platform"]
[debug] [2025-03-20T02:35:58.931Z] > authorizing via signed-in user (dardifelice@gmail.com)
[debug] [2025-03-20T02:35:58.931Z] [iam] checking project barcatscleaning for permissions ["firebase.projects.get","firebaseextensions.instances.list"]
[debug] [2025-03-20T02:35:58.932Z] >>> [apiv2][query] POST https://cloudresourcemanager.googleapis.com/v1/projects/barcatscleaning:testIamPermissions [none]
[debug] [2025-03-20T02:35:58.932Z] >>> [apiv2][(partial)header] POST https://cloudresourcemanager.googleapis.com/v1/projects/barcatscleaning:testIamPermissions x-goog-quota-user=projects/barcatscleaning
[debug] [2025-03-20T02:35:58.932Z] >>> [apiv2][body] POST https://cloudresourcemanager.googleapis.com/v1/projects/barcatscleaning:testIamPermissions {"permissions":["firebase.projects.get","firebaseextensions.instances.list"]}
[debug] [2025-03-20T02:35:59.038Z] <<< [apiv2][status] POST https://cloudresourcemanager.googleapis.com/v1/projects/barcatscleaning:testIamPermissions 200
[debug] [2025-03-20T02:35:59.039Z] <<< [apiv2][body] POST https://cloudresourcemanager.googleapis.com/v1/projects/barcatscleaning:testIamPermissions {"permissions":["firebase.projects.get","firebaseextensions.instances.list"]}
[debug] [2025-03-20T02:35:59.039Z] >>> [apiv2][query] GET https://firebaseextensions.googleapis.com/v1beta/projects/barcatscleaning/instances pageSize=100&pageToken=
[debug] [2025-03-20T02:35:59.341Z] <<< [apiv2][status] GET https://firebaseextensions.googleapis.com/v1beta/projects/barcatscleaning/instances 200
[debug] [2025-03-20T02:35:59.341Z] <<< [apiv2][body] GET https://firebaseextensions.googleapis.com/v1beta/projects/barcatscleaning/instances {}
[info] i  functions: Loaded environment variables from .env. 
[info] i  functions: Loaded environment variables from .env. 
[info] i  functions: preparing functions directory for uploading... 
[info] i  functions: packaged /Users/sonicgrenade/Sites/barcats site/barcats/functions (77.58 KB) for uploading 
[info] i  functions: preparing .firebase/barcatscleaning/functions directory for uploading... 
[info] i  functions: packaged /Users/sonicgrenade/Sites/barcats site/barcats/.firebase/barcatscleaning/functions (91.34 MB) for uploading 
[debug] [2025-03-20T02:36:05.491Z] >>> [apiv2][query] GET https://cloudfunctions.googleapis.com/v1/projects/barcatscleaning/locations/-/functions [none]
[debug] [2025-03-20T02:36:06.088Z] <<< [apiv2][status] GET https://cloudfunctions.googleapis.com/v1/projects/barcatscleaning/locations/-/functions 200
[debug] [2025-03-20T02:36:06.088Z] <<< [apiv2][body] GET https://cloudfunctions.googleapis.com/v1/projects/barcatscleaning/locations/-/functions {"functions":[{"name":"projects/barcatscleaning/locations/us-central1/functions/sendEmail","httpsTrigger":{"url":"https://us-central1-barcatscleaning.cloudfunctions.net/sendEmail","securityLevel":"SECURE_ALWAYS"},"status":"ACTIVE","entryPoint":"sendEmail","timeout":"60s","availableMemoryMb":256,"serviceAccountEmail":"barcatscleaning@appspot.gserviceaccount.com","updateTime":"2025-03-19T04:05:50.458Z","versionId":"20","labels":{"deployment-tool":"cli-firebase","firebase-functions-hash":"5ecb493cc6c4547ad131eaf65508c1a53d557dd6"},"sourceUploadUrl":"https://storage.googleapis.com/uploads-988297502376.us-central1.cloudfunctions.appspot.com/7d43ce04-a1dd-4ea6-bc55-26083339c276.zip","environmentVariables":{"BC_GOOGLE_PASSWORD":"jfgf shcn zuhm ohfu","BC_GOOGLE_USER_EMAIL":"dardifelice@gmail.com","BC_GOOGLE_SMTP_SERVER":"smtp.gmail.com","FIREBASE_CONFIG":"{\"projectId\":\"barcatscleaning\",\"databaseURL\":\"https://barcatscleaning-default-rtdb.firebaseio.com\",\"storageBucket\":\"barcatscleaning.appspot.com\",\"locationId\":\"us-central\"}","GCLOUD_PROJECT":"barcatscleaning","EVENTARC_CLOUD_EVENT_SOURCE":"projects/barcatscleaning/locations/us-central1/functions/sendEmail"},"runtime":"nodejs20","ingressSettings":"ALLOW_ALL","buildId":"f365fd17-442e-4bbb-9f1b-294f358d8b2d","buildEnvironmentVariables":{"GOOGLE_NODE_RUN_SCRIPTS":""},"buildName":"projects/350733304017/locations/us-central1/builds/f365fd17-442e-4bbb-9f1b-294f358d8b2d","dockerRegistry":"ARTIFACT_REGISTRY","automaticUpdatePolicy":{}}]}
[debug] [2025-03-20T02:36:06.089Z] >>> [apiv2][query] GET https://cloudfunctions.googleapis.com/v2/projects/barcatscleaning/locations/-/functions filter=environment%3D%22GEN_2%22
[debug] [2025-03-20T02:36:06.715Z] <<< [apiv2][status] GET https://cloudfunctions.googleapis.com/v2/projects/barcatscleaning/locations/-/functions 200
[debug] [2025-03-20T02:36:06.715Z] <<< [apiv2][body] GET https://cloudfunctions.googleapis.com/v2/projects/barcatscleaning/locations/-/functions {"functions":[{"name":"projects/barcatscleaning/locations/us-central1/functions/ssrbarcatscleaning","buildConfig":{"build":"projects/350733304017/locations/us-central1/builds/9e804d37-6676-4eee-ac4b-1f6167d8382a","runtime":"nodejs20","entryPoint":"ssrbarcatscleaning","source":{"storageSource":{"bucket":"gcf-v2-sources-350733304017-us-central1","object":"ssrbarcatscleaning/function-source.zip","generation":"1742357013326625"}},"environmentVariables":{"GOOGLE_NODE_RUN_SCRIPTS":""},"dockerRepository":"projects/barcatscleaning/locations/us-central1/repositories/gcf-artifacts","sourceProvenance":{"resolvedStorageSource":{"bucket":"gcf-v2-sources-350733304017-us-central1","object":"ssrbarcatscleaning/function-source.zip","generation":"1742357013326625"}},"dockerRegistry":"ARTIFACT_REGISTRY","automaticUpdatePolicy":{}},"serviceConfig":{"service":"projects/barcatscleaning/locations/us-central1/services/ssrbarcatscleaning","timeoutSeconds":60,"environmentVariables":{"NEXT_PUBLIC_FIREBASE_API_KEY":"AIzaSyAxpmVj8ZXVRcr5dCfnfTJLNrUhBpA-75k","NEXT_PUBLIC_FIREBASE_AUTH_DOMAIN":"barcatscleaning.firebaseapp.com","NEXT_PUBLIC_FIREBASE_DATABASE_URL":"https://barcatscleaning-default-rtdb.firebaseio.com","NEXT_PUBLIC_FIREBASE_PROJECT_ID":"barcatscleaning","NEXT_PUBLIC_FIREBASE_STORAGE_BUCKET":"barcatscleaning.appspot.com","NEXT_PUBLIC_FIREBASE_MESSAGING_SENDER_ID":"350733304017","NEXT_PUBLIC_FIREBASE_APP_ID":"1:350733304017:web:d4c58173433996facc45f0","NEXT_PUBLIC_FIREBASE_MEASUREMENT_ID":"G-TZ0W3YVW2G","SITE_URL":"https://barcats.ca","BC_FIREBASE_PROJECT_ID":"barcatscleaning","BC_FIREBASE_CLIENT_EMAIL":"firebase-adminsdk-shuxf@barcatscleaning.iam.gserviceaccount.com","NEXT_PUBLIC_FIREBASE_USER_UID":"8AcQSiHSTEYUGuhaoo1g9qmj3Xu1","NEXT_PUBLIC_PLACES_ID":"ChIJS4PPuEo1K4gRyqFu33eRp_A","NEXT_PUBLIC_GOOGLE_PLACES_API_KEY":"AIzaSyCnGy75_JmV00IHBleEMoRrZV4rj7J-PwE","NEXT_PUBLIC_HOMEPAGE_IMAGE_DOC":"UNgQ8lrzIDX1063ev1JV","NEXT_PUBLIC_GA_ID":"G-K7THLV1JPR","NEXT_PUBLIC_GTM_ID":"GTM-5ZXKNQC6","NEXT_PUBLIC_SENDMAIL":"https://us-central1-barcatscleaning.cloudfunctions.net/sendEmail","VERCEL_URL":"barcatscleaning.web.app","__FIREBASE_FRAMEWORKS_ENTRY__":"next.js","__FIREBASE_DEFAULTS__":"{\"config\":{\"projectId\":\"barcatscleaning\",\"appId\":\"1:350733304017:web:d4c58173433996facc45f0\",\"databaseURL\":\"https://barcatscleaning-default-rtdb.firebaseio.com\",\"storageBucket\":\"barcatscleaning.appspot.com\",\"locationId\":\"us-central\",\"apiKey\":\"AIzaSyAxpmVj8ZXVRcr5dCfnfTJLNrUhBpA-75k\",\"authDomain\":\"barcatscleaning.firebaseapp.com\",\"messagingSenderId\":\"350733304017\",\"measurementId\":\"G-TZ0W3YVW2G\"},\"_authTokenSyncURL\":\"/__session\"}","FIREBASE_CONFIG":"{\"projectId\":\"barcatscleaning\",\"databaseURL\":\"https://barcatscleaning-default-rtdb.firebaseio.com\",\"storageBucket\":\"barcatscleaning.appspot.com\",\"locationId\":\"us-central\"}","GCLOUD_PROJECT":"barcatscleaning","EVENTARC_CLOUD_EVENT_SOURCE":"projects/barcatscleaning/locations/us-central1/services/ssrbarcatscleaning","FUNCTION_TARGET":"ssrbarcatscleaning","LOG_EXECUTION_ID":"true"},"maxInstanceCount":100,"ingressSettings":"ALLOW_ALL","uri":"https://ssrbarcatscleaning-es33yz3enq-uc.a.run.app","serviceAccountEmail":"350733304017-compute@developer.gserviceaccount.com","availableMemory":"256Mi","allTrafficOnLatestRevision":true,"revision":"ssrbarcatscleaning-00060-fah","maxInstanceRequestConcurrency":80,"availableCpu":"1"},"state":"ACTIVE","updateTime":"2025-03-19T04:17:07.170852327Z","labels":{"deployment-tool":"cli-firebase","firebase-functions-codebase":"firebase-frameworks-barcatscleaning","firebase-functions-hash":"0730d82dda163f316769a946c67011446d93fad3"},"environment":"GEN_2","url":"https://us-central1-barcatscleaning.cloudfunctions.net/ssrbarcatscleaning","createTime":"2024-09-22T18:23:49.544527947Z","satisfiesPzi":true}]}
[info] i  functions: ensuring required API run.googleapis.com is enabled... 
[info] i  functions: ensuring required API eventarc.googleapis.com is enabled... 
[info] i  functions: ensuring required API pubsub.googleapis.com is enabled... 
[info] i  functions: ensuring required API storage.googleapis.com is enabled... 
[debug] [2025-03-20T02:36:06.719Z] >>> [apiv2][query] GET https://serviceusage.googleapis.com/v1/projects/barcatscleaning/services/run.googleapis.com [none]
[debug] [2025-03-20T02:36:06.719Z] >>> [apiv2][(partial)header] GET https://serviceusage.googleapis.com/v1/projects/barcatscleaning/services/run.googleapis.com x-goog-quota-user=projects/barcatscleaning
[debug] [2025-03-20T02:36:06.721Z] >>> [apiv2][query] GET https://serviceusage.googleapis.com/v1/projects/barcatscleaning/services/eventarc.googleapis.com [none]
[debug] [2025-03-20T02:36:06.721Z] >>> [apiv2][(partial)header] GET https://serviceusage.googleapis.com/v1/projects/barcatscleaning/services/eventarc.googleapis.com x-goog-quota-user=projects/barcatscleaning
[debug] [2025-03-20T02:36:06.723Z] >>> [apiv2][query] GET https://serviceusage.googleapis.com/v1/projects/barcatscleaning/services/pubsub.googleapis.com [none]
[debug] [2025-03-20T02:36:06.723Z] >>> [apiv2][(partial)header] GET https://serviceusage.googleapis.com/v1/projects/barcatscleaning/services/pubsub.googleapis.com x-goog-quota-user=projects/barcatscleaning
[debug] [2025-03-20T02:36:06.725Z] >>> [apiv2][query] GET https://serviceusage.googleapis.com/v1/projects/barcatscleaning/services/storage.googleapis.com [none]
[debug] [2025-03-20T02:36:06.725Z] >>> [apiv2][(partial)header] GET https://serviceusage.googleapis.com/v1/projects/barcatscleaning/services/storage.googleapis.com x-goog-quota-user=projects/barcatscleaning
[debug] [2025-03-20T02:36:07.125Z] <<< [apiv2][status] GET https://serviceusage.googleapis.com/v1/projects/barcatscleaning/services/pubsub.googleapis.com 200
[debug] [2025-03-20T02:36:07.126Z] <<< [apiv2][body] GET https://serviceusage.googleapis.com/v1/projects/barcatscleaning/services/pubsub.googleapis.com [omitted]
[info] ✔  functions: required API pubsub.googleapis.com is enabled 
[debug] [2025-03-20T02:36:07.127Z] <<< [apiv2][status] GET https://serviceusage.googleapis.com/v1/projects/barcatscleaning/services/run.googleapis.com 200
[debug] [2025-03-20T02:36:07.127Z] <<< [apiv2][body] GET https://serviceusage.googleapis.com/v1/projects/barcatscleaning/services/run.googleapis.com [omitted]
[info] ✔  functions: required API run.googleapis.com is enabled 
[debug] [2025-03-20T02:36:07.133Z] <<< [apiv2][status] GET https://serviceusage.googleapis.com/v1/projects/barcatscleaning/services/storage.googleapis.com 200
[debug] [2025-03-20T02:36:07.134Z] <<< [apiv2][body] GET https://serviceusage.googleapis.com/v1/projects/barcatscleaning/services/storage.googleapis.com [omitted]
[info] ✔  functions: required API storage.googleapis.com is enabled 
[debug] [2025-03-20T02:36:07.134Z] <<< [apiv2][status] GET https://serviceusage.googleapis.com/v1/projects/barcatscleaning/services/eventarc.googleapis.com 200
[debug] [2025-03-20T02:36:07.134Z] <<< [apiv2][body] GET https://serviceusage.googleapis.com/v1/projects/barcatscleaning/services/eventarc.googleapis.com [omitted]
[info] ✔  functions: required API eventarc.googleapis.com is enabled 
[info] i  functions: generating the service identity for pubsub.googleapis.com... 
[info] i  functions: generating the service identity for eventarc.googleapis.com... 
[debug] [2025-03-20T02:36:07.135Z] >>> [apiv2][query] POST https://serviceusage.googleapis.com/v1beta1/projects/350733304017/services/pubsub.googleapis.com:generateServiceIdentity [none]
[debug] [2025-03-20T02:36:07.136Z] >>> [apiv2][query] POST https://serviceusage.googleapis.com/v1beta1/projects/350733304017/services/eventarc.googleapis.com:generateServiceIdentity [none]
[debug] [2025-03-20T02:36:07.636Z] <<< [apiv2][status] POST https://serviceusage.googleapis.com/v1beta1/projects/350733304017/services/pubsub.googleapis.com:generateServiceIdentity 200
[debug] [2025-03-20T02:36:07.636Z] <<< [apiv2][body] POST https://serviceusage.googleapis.com/v1beta1/projects/350733304017/services/pubsub.googleapis.com:generateServiceIdentity {"name":"operations/finished.DONE_OPERATION","done":true,"response":{"@type":"type.googleapis.com/google.api.serviceusage.v1beta1.ServiceIdentity","email":"service-350733304017@gcp-sa-pubsub.iam.gserviceaccount.com","uniqueId":"115507582765895990551"}}
[debug] [2025-03-20T02:36:07.637Z] <<< [apiv2][status] POST https://serviceusage.googleapis.com/v1beta1/projects/350733304017/services/eventarc.googleapis.com:generateServiceIdentity 200
[debug] [2025-03-20T02:36:07.637Z] <<< [apiv2][body] POST https://serviceusage.googleapis.com/v1beta1/projects/350733304017/services/eventarc.googleapis.com:generateServiceIdentity {"name":"operations/finished.DONE_OPERATION","done":true,"response":{"@type":"type.googleapis.com/google.api.serviceusage.v1beta1.ServiceIdentity","email":"service-350733304017@gcp-sa-eventarc.iam.gserviceaccount.com","uniqueId":"104847671066641466480"}}
[debug] [2025-03-20T02:36:07.639Z] >>> [apiv2][query] GET https://firebase.googleapis.com/v1beta1/projects/barcatscleaning [none]
[debug] [2025-03-20T02:36:07.896Z] <<< [apiv2][status] GET https://firebase.googleapis.com/v1beta1/projects/barcatscleaning 200
[debug] [2025-03-20T02:36:07.897Z] <<< [apiv2][body] GET https://firebase.googleapis.com/v1beta1/projects/barcatscleaning {"projectId":"barcatscleaning","projectNumber":"350733304017","displayName":"barcatscleaning","name":"projects/barcatscleaning","resources":{"hostingSite":"barcatscleaning","realtimeDatabaseInstance":"barcatscleaning-default-rtdb","locationId":"us-central"},"state":"ACTIVE","etag":"1_600a34ae-7659-4147-b4d1-b299e6bd9241"}
[debug] [2025-03-20T02:36:07.899Z] >>> [apiv2][query] POST https://firebasehosting.googleapis.com/v1beta1/projects/-/sites/barcatscleaning/versions [none]
[debug] [2025-03-20T02:36:07.900Z] >>> [apiv2][body] POST https://firebasehosting.googleapis.com/v1beta1/projects/-/sites/barcatscleaning/versions {"status":"CREATED","labels":{"deployment-tool":"cli-firebase","firebase-web-framework":"next_ssr"}}
[debug] [2025-03-20T02:36:08.965Z] <<< [apiv2][status] POST https://firebasehosting.googleapis.com/v1beta1/projects/-/sites/barcatscleaning/versions 200
[debug] [2025-03-20T02:36:08.965Z] <<< [apiv2][body] POST https://firebasehosting.googleapis.com/v1beta1/projects/-/sites/barcatscleaning/versions {"name":"projects/350733304017/sites/barcatscleaning/versions/55b39bda04d8dd8a","status":"CREATED","config":{},"labels":{"deployment-tool":"cli-firebase","firebase-web-framework":"next_ssr"}}
[debug] [2025-03-20T02:36:08.966Z] >>> [apiv2][query] GET https://cloudbilling.googleapis.com/v1/projects/barcatscleaning/billingInfo [none]
[debug] [2025-03-20T02:36:09.300Z] <<< [apiv2][status] GET https://cloudbilling.googleapis.com/v1/projects/barcatscleaning/billingInfo 200
[debug] [2025-03-20T02:36:09.300Z] <<< [apiv2][body] GET https://cloudbilling.googleapis.com/v1/projects/barcatscleaning/billingInfo {"name":"projects/barcatscleaning/billingInfo","projectId":"barcatscleaning","billingAccountName":"billingAccounts/0137AD-B6637B-75BFCF","billingEnabled":true}
[debug] [2025-03-20T02:36:09.302Z] >>> [apiv2][query] POST https://cloudfunctions.googleapis.com/v2/projects/barcatscleaning/locations/us-central1/functions:generateUploadUrl [none]
[debug] [2025-03-20T02:36:09.639Z] <<< [apiv2][status] POST https://cloudfunctions.googleapis.com/v2/projects/barcatscleaning/locations/us-central1/functions:generateUploadUrl 200
[debug] [2025-03-20T02:36:09.639Z] <<< [apiv2][body] POST https://cloudfunctions.googleapis.com/v2/projects/barcatscleaning/locations/us-central1/functions:generateUploadUrl {"uploadUrl":"https://storage.googleapis.com/gcf-v2-uploads-350733304017.us-central1.cloudfunctions.appspot.com/03cbb79e-f078-4c34-ab64-d0b95748df94.zip?GoogleAccessId=service-350733304017@gcf-admin-robot.iam.gserviceaccount.com&Expires=1742439969&Signature=CIx%2BnyenBetRGjfLrF%2BRJukrj3bOWOrGUKxS1NsuG5FOrlH9PQ88u7r%2BIm2vd%2B5E7AoYstl%2BcLhBEZA5yhTrZQH%2BcP0%2FIeIJAra73wy%2B3Zw01hM9dbI6Y7WvKsbobAYOzLBT07kUDwrO9pQDpndgu6J65Miu%2BNU2IkpIfhSp1hx4RLyXu5t3iBu1vC6LixN8hPD6xB4FZuKaRxTghMQb3kpBxAv8SmVuJA1ISLy1eHtmqp1VIwlXQXD4yyeDOqXdlt8PSG17cNPFVZ%2F5rZzbgAa%2B9PkrDB0iw8A5H7sUMCOZfbagF%2BQ6O32Vzf2BZ7QL8onQ%2BRhc4jomHssH9ou6qw%3D%3D","storageSource":{"bucket":"gcf-v2-uploads-350733304017.us-central1.cloudfunctions.appspot.com","object":"03cbb79e-f078-4c34-ab64-d0b95748df94.zip"}}
[debug] [2025-03-20T02:36:09.640Z] >>> [apiv2][query] PUT https://storage.googleapis.com/gcf-v2-uploads-350733304017.us-central1.cloudfunctions.appspot.com/03cbb79e-f078-4c34-ab64-d0b95748df94.zip GoogleAccessId=service-350733304017%40gcf-admin-robot.iam.gserviceaccount.com&Expires=1742439969&Signature=CIx%2BnyenBetRGjfLrF%2BRJukrj3bOWOrGUKxS1NsuG5FOrlH9PQ88u7r%2BIm2vd%2B5E7AoYstl%2BcLhBEZA5yhTrZQH%2BcP0%2FIeIJAra73wy%2B3Zw01hM9dbI6Y7WvKsbobAYOzLBT07kUDwrO9pQDpndgu6J65Miu%2BNU2IkpIfhSp1hx4RLyXu5t3iBu1vC6LixN8hPD6xB4FZuKaRxTghMQb3kpBxAv8SmVuJA1ISLy1eHtmqp1VIwlXQXD4yyeDOqXdlt8PSG17cNPFVZ%2F5rZzbgAa%2B9PkrDB0iw8A5H7sUMCOZfbagF%2BQ6O32Vzf2BZ7QL8onQ%2BRhc4jomHssH9ou6qw%3D%3D
[debug] [2025-03-20T02:36:09.640Z] >>> [apiv2][body] PUT https://storage.googleapis.com/gcf-v2-uploads-350733304017.us-central1.cloudfunctions.appspot.com/03cbb79e-f078-4c34-ab64-d0b95748df94.zip [stream]
[debug] [2025-03-20T02:36:11.579Z] <<< [apiv2][status] PUT https://storage.googleapis.com/gcf-v2-uploads-350733304017.us-central1.cloudfunctions.appspot.com/03cbb79e-f078-4c34-ab64-d0b95748df94.zip 200
[debug] [2025-03-20T02:36:11.579Z] <<< [apiv2][body] PUT https://storage.googleapis.com/gcf-v2-uploads-350733304017.us-central1.cloudfunctions.appspot.com/03cbb79e-f078-4c34-ab64-d0b95748df94.zip [omitted]
[info] ✔  functions: .firebase/barcatscleaning/functions folder uploaded successfully 
[info] i  hosting[barcatscleaning]: beginning deploy... 
[info] i  hosting[barcatscleaning]: found 192 files in .firebase/barcatscleaning/hosting 
[debug] [2025-03-20T02:36:11.636Z] [hosting] uploading with 200 concurrency
[debug] [2025-03-20T02:36:12.133Z] [hosting] hash cache [LmZpcmViYXNlL2JhcmNhdHNjbGVhbmluZy9ob3N0aW5n] stored for 192 files
[debug] [2025-03-20T02:36:12.133Z] [hosting][hash queue][FINAL] {"max":424,"min":20,"avg":93.50520833333331,"active":0,"complete":192,"success":192,"errored":0,"retried":0,"total":192,"elapsed":488}
[debug] [2025-03-20T02:36:12.134Z] >>> [apiv2][query] POST https://firebasehosting.googleapis.com/v1beta1/projects/350733304017/sites/barcatscleaning/versions/55b39bda04d8dd8a:populateFiles [none]
[debug] [2025-03-20T02:36:12.134Z] >>> [apiv2][body] POST https://firebasehosting.googleapis.com/v1beta1/projects/350733304017/sites/barcatscleaning/versions/55b39bda04d8dd8a:populateFiles {"files":{"/sitemap-0.xml":"51e882b3c4ba46219008b3eff3e567244fe8d7a41593de32699424a7c922d313","/manifest.json":"4e1d3adad9ce7e17c0d13fac197f1c27091906f4ecf3909c9f51247bff345118","/robots.txt":"efc6631e516f783bff5492ebd781fcf91c3b5820e09f86ef67e43bd414947d5a","/admin.html":"2ef07ec2a5e7eb1326958be9a0cd475f33a49139df0d97a0e18c81a5b16278a0","/404.html":"76fc8ed3a4da54d1a44884403e25f254ca8abfe29293390c60f2384456bf0bca","/fonts/Poppins/Poppins-Rugular.woff2":"7872c275c4422331c0c708ea045b6ec0e2ff7e36a0b800bf0606423c04fbabab","/assets/favicon.ico":"0d87b44d01c4f6a806bdb486f4ff6c01e96b2637e5ecf0c25e564b4c853ef408","/contact.html":"b2b5f008312ac768bc9b8b699ca3b9f8dc80cd6df57aa59970732a222246a2c4","/services/commercial-businesses.html":"b2d918da3fdda1034f0207d46969f75562788f0a3262e787455026b3d7b3b082","/services/restaurants-diners-cafes.html":"58776ee9ffd879dc0bc75940c00c581c519d689b625ef8679107752c25816378","/services/bars-pubs.html":"1cf439aa41174788b9274ba454e4b81d8af80148a6ea1fb11af99fc1217d7236","/assets/vendor/venobox/venobox.min.js":"7654b1576fda7f091d449093aee211970b4ee64192cd72ec89cb9e0a5f25bb8e","/assets/vendor/venobox/venobox.min.css":"454112439570d1293def282e4d9836ad3e60618cf30bf87dcb9374533fb962da","/assets/vendor/php-email-form/validate.js":"95dcc60632f3a678f786273d3f688f7d60486f49e09fe3c96e179fe957192341","/assets/vendor/venobox/venobox.css":"d62eddfaceec6530dc5021324a9e86c8970014de861cb47f3337d774f5bf262d","/assets/vendor/owl.carousel/LICENSE":"126951087092e46faedf207c206227529602a07fc81a4be6f40f9e087d716dca","/assets/vendor/venobox/venobox.js":"87d1386ff4ef160d95a7e32457998efa01bd819f581a66c2607785efd54e8986","/assets/vendor/owl.carousel/README.md":"a2334945b2439655f9082db2c1303477ffba5dae49585c54d37c9557a5bf0f79","/assets/vendor/owl.carousel/owl.carousel.min.js":"031d17bafd68221487b63dca1a36c7c52f7eef673ab32316bc42318e751979b8","/assets/vendor/owl.carousel/assets/owl.video.play.png":"9b9b8741d20ebe72c0455a3b63c84d38b5e0c1d91bde4a0252963d72f1413dab","/assets/vendor/owl.carousel/assets/owl.theme.green.min.css":"88551aa86cb18a3a58cf7f360f56d37db500f308247bb31ad90399d5567657d5","/assets/vendor/owl.carousel/assets/owl.theme.default.min.css":"2b99ff332105bfbcc15d3df0d253b7e7cf7049f0ef9327fb803473890998bab6","/assets/vendor/owl.carousel/assets/owl.theme.green.css":"315097b3e846247a01aee2c89c001a63e0a53dbb34c3ec783dabab5630aa9b67","/assets/vendor/owl.carousel/assets/owl.theme.default.css":"66b8f21330dd8a6765c553295b5e8929cdf96dc0f2473e0260f2f83ef2db55f3","/assets/vendor/owl.carousel/assets/owl.carousel.min.css":"df050259b07437c72b3eff0833eca7c0188145ac4f1c9bfe7cc1e51ffdc486be","/assets/vendor/owl.carousel/assets/ajax-loader.gif":"ab751b4a454aec1c9e40955f90acccf2d5a32832f5111443318065030e15f7db","/assets/vendor/jquery.easing/jquery.easing.min.js":"95beb18b576927b1124d4ad144f168fe8af87ea0722527af25c175b33685e8bd","/fonts/Anton/Anton-Regular.woff2":"1d6d4f19b5373c9811ea18b5beb695c3a96b723a359dfc2e4439615cf1a5181c","/assets/vendor/owl.carousel/assets/owl.carousel.css":"3ffe0e11c1384f3e4a9f701d80c211b4acef0c9967173db69227149352071c4c","/sitemap.xml":"ebb31242f1d419973ecfef5eccdfdd3145395e15977d2ea7815a604d090ba04a","/assets/vendor/isotope-layout/isotope.pkgd.min.js":"bc4db4ca73118711fed55df7075e2bab8d84ebd9bc6aa46687507c9c6d08f197","/assets/vendor/boxicons/css/boxicons.min.css":"b9efed320988c67f33d99c090028668be35b5abd668870adcdedbbe54cb56975","/index.html":"13c5820b979666c8c87cd3ee72ef2c340718d2b5e0cabfaee7a58994192cfc6a","/assets/barcats-cleaning-service.webp":"b3ae4ad221c49474f6582bf0243898defa3dc9683f65532af35d5186c5289972","/assets/barcats-hero-image.webp":"35c7c5a8e2e20a2cec4b4d0966dd25c3e1f1f795fe11ca17dbb167b9a02824be","/assets/vendor/boxicons/css/transformations.css":"ef7353de5fb774813c0ff969835608eca698e05fea395ef7d300441e9bd204af","/assets/vendor/icofont/icofont.min.css":"d38462d3be128b829d2a5e31dde8be82a8619411f5070a5b13f827e4355a7796","/assets/vendor/boxicons/css/boxicons.css":"e4591cda6bcbaf72d07fb4827ad52886d76a6a7f40aaeaca6341efe258d76069","/assets/vendor/owl.carousel/owl.carousel.js":"50a3e6006b146331e937ae4379126281060f2762d3c0f21b1b6fd6c13e6f2784","/assets/vendor/isotope-layout/isotope.pkgd.js":"1200f503dcefcc62dfee2013fc9b397973398ab82b53f35b3bfe3da6ef20f7ef","/assets/vendor/jquery/jquery.min.js":"965d42ef8389d40f55ce97cc272db7debeef73e4163ab040c93352dcd89c2f00","/assets/before-after-barcats.jpg":"fe3493fcf714da1c698a0b5b52ed44146425497b97db8c27735f0c8cd7a457f2","/assets/vendor/boxicons/css/animations.css":"434ea5143abd7fe49c6d64f8b24d59bad61fca804a7c6c4714c287590b18c71f","/assets/vendor/bootstrap/js/bootstrap.min.js":"6d7d30d45e3b588e77ad553c3483e41f7390612322493b3b9e70634c8563394c","/assets/vendor/bootstrap/css/bootstrap-reboot.min.css":"fb8a4d7f4915df585338cf0e7bafb19db3ad09920b4adee4b4a157b77781346e","/assets/vendor/bootstrap/css/bootstrap-reboot.min.css.map":"899d55a261bf3346756c0c28a5a7172d429cd9279eef380a7d9f2d31a8d2085e","/assets/vendor/bootstrap/css/bootstrap-reboot.css":"e9d51a312130de2dc24b64216d6fb1cdf7f0f4b014f2e5c31cfd0b662a131893","/assets/vendor/bootstrap/css/bootstrap-grid.min.css":"c7c658b1795621776d982c73ecea1c9b4725478b754f17b10d09fd49861d3d41","/assets/vendor/aos/aos.css":"2e4af292da99d11ce73ab6977d25447c4cbeb56f6ef973583c97505688ae3c43","/assets/vendor/aos/aos.js":"6c87e2f1e10954563e5d51c7e1ac0d69ea76fc27cb751dca184b27d7797b25c8","/assets/js/main.js":"879555000ecb2b4ac17b80a59629dc67f40cc191bffeb6e393a0139e51942814","/assets/js/content.jsx":"75baf3f97d6eee4381d99371053f3d3db3a5a42201b2c92b206e300467805207","/assets/images/trash-can.webp":"a397dc67b71d18201e2f25d16803bbe13679f0dfb4cf0d246e0b0d98f78b7aea","/assets/images/martini-glass.webp":"21649eb30540e85a4534caeec55257ca589b6e7f3767d10fe341208a27e0b3c3","/assets/images/barcatslogo.webp":"67157c32d69cc0ae4f5caa9677921a6f199c86835efbfecd51bc825fb45c3602","/assets/images/barcatslogo.jpg":"67157c32d69cc0ae4f5caa9677921a6f199c86835efbfecd51bc825fb45c3602","/assets/images/spoon-fork.webp":"e80eda9f96c3a6d80e10efe97b57c93c33f9b8c6b8cf839c0d064787b14ef03f","/assets/images/barcats.png":"cd9a171f07aa84ffb7096b53d805ad58399cb9522b5844455858b50768177a73","/assets/vendor/bootstrap/css/bootstrap-grid.css":"f71f90d766f93b5d14a9ef3786a352cc4979803126df332ecbdfab41ce11aac6","/assets/vendor/bootstrap/css/bootstrap-grid.min.css.map":"a1d817070efd62d828bcfe9d41ca838518b966202ed09dffd39ebd2f21da21a6","/assets/images/barcats-cleaning-service.webp":"67157c32d69cc0ae4f5caa9677921a6f199c86835efbfecd51bc825fb45c3602","/assets/css/style.css":"ed2921dbc18f0a78e462b0e4dfcd71c7d5c2994aa52fb55910e0cfe4109ee6b6","/assets/vendor/bootstrap/js/bootstrap.bundle.min.js":"df577177ecb3a4592da5d93c33c2f9a09c492e176532f03dea06d81545bfac97","/assets/images/barcats-parrallax.webp":"7530acab7bd2adc077e40951e74d884acc292d37b845016ea4d0bab82e958e11","/assets/images/barcats-parallax.webp":"7eb3e0b8bb30040d0358cca0f82131f608a3934b78f132c88b55ff1179be1b33","/assets/vendor/bootstrap/css/bootstrap-reboot.css.map":"06770d878a4bccc6f969582ff5107d7cdb0354fd1d4ae4f2cedcd5be78f706b2","/assets/css/fonts/icomoon.woff":"5405ab697847aaa51010375cea450fb007211e9cabc7cbf3ed5f9beff98d0537","/assets/css/selection.json":"aa706cdf6daae14931870b8043075375d323d24b54e37c7131a0627456de97db","/assets/css/fonts/icomoon.ttf":"1d08325a7f64fecbb8d8ad5762f9cbd930fb7ac7cdbc4525ca5e8ff1df11c195","/assets/images/barcatslogo copy.jpg":"919c6bf84b45b0ef110ff57e453541671206783163733199339c6b9cd81cee2c","/assets/vendor/boxicons/fonts/boxicons.woff2":"9101609e675c9185d8c37edb3a8a3da66911fa1cc1a86cd79bdf1d011b576787","/assets/css/fonts/icomoon.svg":"25bc188e6346e7046d3b6a0003d49a0538dd0b042f1ad39dc64fabca24d7d4fa","/assets/vendor/bootstrap/js/bootstrap.js":"d5b5230a573c4619cd662bd6e53562641a4b33381b9f1bf34818ea2533962663","/assets/vendor/bootstrap/css/bootstrap.min.css":"fd7cb33758a942d730c9790a35371861909ff6530cca3002d0f67197cffb0891","/assets/images/barcats-hero-image.webp":"35c7c5a8e2e20a2cec4b4d0966dd25c3e1f1f795fe11ca17dbb167b9a02824be","/assets/css/fonts/icomoon.eot":"f6603e6ecc1b73adcd1e47bfff97335535e6ed8f5810490779960b5c5227f43e","/assets/images/barcats-cleaning-service.jpg":"697edc99b25ec6e92f7946bbc1cc75d48c2acba350f9be43d8667282702749aa","/admin/register.html":"651343e4d22b377eba0ad7b4233c58ba5b4e5e7ae2be2ab7a2e4682a277a3024","/assets/vendor/jquery/jquery.min.map":"ccfefd6feaba0e1ee9e6d1e7890d0bd45e3e05d6e0cff29fe81bf78f4fc9e8a3","/assets/vendor/bootstrap/css/bootstrap-grid.css.map":"dc4185f5d6cdb15abe2acd68725d34c92d376e217b04f4f31221a7326340e829","/admin/home.html":"9207b344351a5498726f77292ee0c0b01df75d28795559be865325210cf86a67","/admin/login.html":"e752ed379e11e0873135ec897135abeca219790f8a7c398fff0c2adaf3fdd9f5","/admin/update/IZX7bmIfb8eC5vRy5RRx.html":"bad281015ede65975ef0425caf10278a210d6b7295f632c6a4fbbaee17595c99","/_next/static/media/fe0777f1195381cb-s.woff2":"f152a5c151395d9ee83d63788d38c251e4876710a8770d12551eece4576088f7","/admin/update/7BHyEbFZcRtmGOZYVaBi.html":"96c4ef73f559a5fe2abb36394a157ee9a46a36e4aa7612e71341489623327df5","/admin/update/1aN2nyB5nsoOoRIIQJOg.html":"fb6ce28e631a58c9ce9954937dda449d41e32b3101aab2fdce9b6a158fc27d08","/_next/static/media/f10b8e9d91f3edcb-s.woff2":"ab7a45a3f228e8ae03fb82f4802ea41b241d1ccfcb52972451a4480e4318f3e2","/_next/static/media/eafabf029ad39a43-s.p.woff2":"fb0441172376844ee5a9f101c5815760cde62176bdb14730b566bbbb916b455f","/_next/static/media/f54d3b402c212b9e-s.woff2":"b79b68bfb6f272af36fd56c5fdf0c2dcd430c66c4d31451560f9416ad00bbe0d","/assets/vendor/bootstrap/js/bootstrap.min.js.map":"d0551d388b3877026f99a0dacad9c868d4617465a0a310c43b423dbfaa295bf8","/_next/static/media/df0a9ae256c0569c-s.woff2":"bbf2b69affb52c37fbd41b4c75ae7fc2f2421b70be2218dbe876cef0fcdc18a9","/assets/vendor/bootstrap/css/bootstrap.css":"e5bb4436557c20decf0dfbfded2e2642c210cb2074869b2903e87a05bd85bbbb","/admin/create.html":"403c2fc66cfefd047120dd69752d1d707ef2c1ffd3af871bec69ae645e5e3776","/assets/vendor/bootstrap/js/bootstrap.bundle.js":"797fdca820773d4bd582277f4d69a2842f265471ceaa70a7649bbb2f802e9980","/_next/static/media/c3bc380753a8436c-s.woff2":"c9f022d7987900da4fc345d2bd6a6e128ab9c71fe51a2048e32d4f8d6e00c7c5","/_next/static/media/e6f5886ae1242622-s.woff2":"648ac435b9d7d0c01c8ba967dd4e568e1869c5efa8ffa3468870987c33d99413","/_next/static/media/faac4ac11aa3d97b-s.woff2":"49ecb6a1b975926b8e2c89fafc329966d1e84406238b10c768fb4f6a07b9e5bc","/_next/static/media/barcats-cleaning-service-footer.aab980c4.jpg":"df361b0ee54fe96bdd6236331e384781ef7671497ba55409950214cac88bec9d","/_next/static/media/dd4ab5b525bd804a-s.woff2":"8f90dfff8381b94ba2d2381b8c9404d899affdd1c253eb8bf8dbc7d2c56f297d","/_next/static/media/b957ea75a84b6ea7-s.p.woff2":"d98d2759a4aa1c8238497262f1df9b2791e67c68eb9b59f5b8243ac7bb05116a","/_next/static/media/b8442747db2a9bad-s.woff2":"c0a1002a08d5e703abbfd747f8e98a020f8a32f68cb32ac62c85e4692f30a29e","/_next/static/media/9e82d62334b205f4-s.p.woff2":"8f03b9d7da87d4a43fd6e4afa9ff782f58e06b70b937bad5001095b39aa03617","/_next/static/media/9beef36ab83de3f0-s.woff2":"79274fbf14335c602d34648f0165aedba2480d21cc13cf15855761c8234d24e8","/_next/static/media/97e0cb1ae144a2a9-s.woff2":"c0a05253ed4640e83bc0914cf5e55614621e512ad73872648183669c175bd15e","/_next/static/media/a1386beebedccca4-s.woff2":"91a06a8b56a75ef5e539b603bfee11728cfb6b972a5bc3e33be5a20508788d20","/_next/static/media/barcats-hero-image.928ed06d.webp":"35c7c5a8e2e20a2cec4b4d0966dd25c3e1f1f795fe11ca17dbb167b9a02824be","/_next/static/media/8888a3826f4a3af4-s.p.woff2":"cb5a89bd38ae93dd48440c5716733235d40593c604c53d49a17a65c6e1256656","/_next/static/media/barcats-cleaning-service.10bdd99e.webp":"b3ae4ad221c49474f6582bf0243898defa3dc9683f65532af35d5186c5289972","/_next/static/media/7ede3623c9ddac57-s.woff2":"060e1a3696d7c41493231a78d910358573b2a09a1b6597f836828f42d346cecb","/_next/static/media/before-after-barcats.8ab06206.jpg":"fe3493fcf714da1c698a0b5b52ed44146425497b97db8c27735f0c8cd7a457f2","/_next/static/media/7db6c35d839a711c-s.p.woff2":"b66de4bedc95cea8fd80e61e529b16206d1b95c51aabdb8f7ae56e24eadfd6cd","/_next/static/media/75cde960c2842862-s.woff2":"1d6d4f19b5373c9811ea18b5beb695c3a96b723a359dfc2e4439615cf1a5181c","/_next/static/media/7108afb8b1381ad1-s.p.woff2":"2ea1981824292f9f1b084d74eec90e56a55ec4742a7e756ae32136169ef0036d","/assets/vendor/bootstrap/js/bootstrap.js.map":"4760148e7ebe42a0bdbd6f0b3c83c889266591bccb003d9c6f608976ff2ef1fe","/assets/vendor/boxicons/fonts/boxicons.ttf":"8c9b8dbe61a9a3469b0f9f3b9c94381fb224ee3d7e1eb5c91930c3fbce9da9a5","/_next/static/media/6c9a125e97d835e1-s.woff2":"446824617ba1726648707add975d065ddf160e2760c6d94c495dbbf990cca748","/_next/static/media/6245472ced48d3be-s.p.woff2":"38bf33efb5344e7c81cb8584c2d39ee6d64c235b910ff60df6dbd1eb60b3eaff","/_next/static/media/5fb25f343c7550ca-s.woff2":"27383f3c4f4c4f1641736c27b144873b8822c1c028e5fa34847cebeaaa08d11a","/assets/vendor/boxicons/fonts/boxicons.eot":"698c8a6e133b6533004c24a941b9f644edf59a49e8414a73b42f373b97628653","/_next/static/media/4c7655c11f7bd97b-s.p.woff2":"d9eb0f68de116046204852e837bfa35f938b7a902696f721b83a1f3f39bd0c6e","/_next/static/media/4c285fdca692ea22-s.p.woff2":"9ca8498747c292fe004882e1866055308b31974e5f8f5a0bfe9d2f12bb846a31","/_next/static/media/a34f9d1faa5f3315-s.p.woff2":"f2d2c4f89520ef5cd1f2325bd78279dfcc8b4647259f8d35ee9d0501a1379dbf","/_next/static/media/6fed4e5749a3ea15-s.woff2":"9d37e317df240ca5343842e20b3255c956c555d9db00a9878f716c7486dbb9a5","/assets/vendor/boxicons/fonts/boxicons.woff":"7c21167cd5cb6ca73c56b3a5b583ef2eef4af71ca1f2059a55414af3f1080c1c","/_next/static/media/19e37deead9b3ec2-s.woff2":"b1ceef85ddd5ec248e772129eb3163a28d146431145e44a82789454fabe135e7","/_next/static/media/062522b8b7c3ad6a-s.woff2":"706ec847f242651a0e037d52eb6bc8f179209c3b448cba0b11ef315bd4c0f116","/_next/static/media/581909926a08bbc8-s.woff2":"7acf4d150014625c1800337c7c376e8da1c0afd553673d1a5f9a17ff9eaefe41","/_next/static/media/0484562807a97172-s.p.woff2":"6d1cfe8aacc955f57cd0001406d523abca615b82422e49b7e34e376adab17295","/_next/static/media/55c55f0601d81cf3-s.woff2":"0cd73f490ff34f789b1d371e295d0caf47fc8b2599ec50d152751e3fc09c2ae6","/_next/static/media/83651bee47cf14da-s.woff2":"cf912365bd7e5d8d6f155b00aee2e326cec0a1508904a1e9b0f2040e55cf1e8f","/_next/static/css/90bd1dc017e564a5.css":"d7b1efb94f36ee1b3bfd22e0fef5dff37f851b009962a676b3f3b91b47d2d2cc","/_next/static/css/86ff4d37a022af21.css":"d5930c34e88c6778a505a7235b0dfadac1cf785a6aee02044add1dd2d09b36e6","/_next/static/media/26a46d62cd723877-s.woff2":"2943d1bf9b629c3fd5c8ec543bb54ec34a52c79ceec72da819e733dd1a802431","/_next/static/media/1ff84563a719c397-s.woff2":"7674a3095027a2392282ec8f2d5e46a3dbb0f76764d2bc41d6f69c534c7fe6ab","/_next/static/css/48340cfe5c3cfec7.css":"560080e95ce11d78b1eac9355a8d3b6ac22e471e8f0aa907a0ed2570ad4babe1","/_next/static/chunks/webpack-c5fbfbe5a1cbb1ce.js":"d0df8deccaeedb02a2137695a944c2c9cba8fd8b8e4c0f362c024598b0d9dc77","/_next/static/media/46392699924ae7e5-s.woff2":"2f4c61044f72a8afe0c1e72709511f169c2e7e770f2d7b8490cd9c141a867801","/_next/static/chunks/main-app-9396e1cf68575cfe.js":"2a82f437542b360619d8c0ef98147a43974618a9c4a0a73ef697ef2b97ca4fde","/_next/static/chunks/973-a51eaadc43b9b577.js":"b26cf2f55ea7370480bbd797fe7a7c0bc9eb9adc2406a8be728f1455dd64bd13","/_next/static/media/3d9ea938b6afa941-s.p.woff2":"712002230b710fcbec82708e337abb21394a5fc510c8f985a906fbd93aaaf57d","/assets/vendor/bootstrap/js/bootstrap.bundle.min.js.map":"20736c2634722aa9d0d0b6026b3ba66df00d77d8e7578190db4094b31e05696d","/_next/static/chunks/880-bb81c2c283e0e2aa.js":"c481ae70ea7adc6a8adcc5146d81805599237c2a792ab692accccc146090304a","/_next/static/chunks/850-995936fb5f9b58b4.js":"35ba56e179879fc7551f5a7100dfa09e82a82b4c14aafdd4ba1b783aa312d08c","/_next/static/chunks/611-ef75a00536136753.js":"341527865ce45b447ea6ee4348fd83524203207182b476f50c306c3cb778d939","/_next/static/chunks/486.4aa0c2496cc01bd1.js":"57838bb411435a69c101f06b8ef1910c3daa34b28ecb5a620ce5a120ab6eb2c9","/_next/static/chunks/452.14db5cf271ebefa6.js":"6b203e0d9ac6033fff2250637ad9d3fc8622d58a20949b73c59b5f9831c836c1","/_next/static/chunks/489-57ff4fa6670e175b.js":"e071bcc99788d4a567ef09d7114da6c669c94b538809224b338b98cd64ec4d92","/_next/static/chunks/354.5b5cef9af90b6346.js":"2e1a954b8ce5b0d21f2cb18389627614200dbddbddd4a212bc9943bd829196d7","/_next/static/chunks/894-d5741a306a057469.js":"3eff2710e321f02c6b390917fe9f5dddf6a36142bcd6a5b114db74f9b9048cc9","/_next/static/chunks/polyfills-78c92fac7aa8fdd8.js":"a5b39edcc77b6069d442b5dbeb8091cf27ac47ac7a1a99cfc325213bdaae2fb5","/_next/static/chunks/197-73e1b3f7ee42ca43.js":"4bbc72b27b584eb3ffbf6f41ea69a5f1de0f53301faf6375010db47bbc91917c","/_next/static/chunks/291-9a041cd838b81986.js":"07aa6fdaa3f267ace99eee13c2279e4dafbebb32bf9973eaf418bef55d3f801c","/_next/static/chunks/main-bc7912004b1fdd83.js":"9ba95c474b93f8e81f3d9f58dcd50874671156c34c473b4220844250f16e4442","/_next/static/chunks/de660147-40f34c69634f1639.js":"9624637d57b0a29f4bcb5b7d050f5eadbb1a9cba8057986ede5708df20edc84a","/_next/static/chunks/pages/_error-354879cad48fc8d0.js":"662ca1b70291dcb630b854f9b13f5012157976bb4d7b36a1ee1087e5dc587f12","/_next/static/chunks/149-f2e61c6214bdd604.js":"d5b384e8efece321a17e2595df1a5d36340ffbf9537b16ce987dce20fe772ae7","/_next/static/chunks/pages/_app-85dc30d6a5763d0f.js":"345ac385e56bfe50d613f11eaa3c4001691ff6c3aceb75c8155b4fd2f03a2463","/_next/static/chunks/app/page-ea23deb73a740394.js":"ef9f58ca29336f2afff9e259cb346a8a5ea15a7ee7489c1a543f353d4b15e125","/_next/static/chunks/app/not-found-bc1156697107f88c.js":"13211633b09d3a5d1761ff17c99f012f8e4602fcfaf7d8659ab3dd0fe828c654","/_next/static/chunks/app/services/layout-de855a15ae8eb7db.js":"3b917acfe1f925ead6e8a0df2151db9b7f154011aed24dbbde7ba2c69e7713e6","/_next/static/chunks/app/layout-791ab9a932c224f5.js":"b80abdabfa1c98e4ebe619b6d6f06bc3097634c6fa9f52345ebc821498068d52","/_next/static/chunks/app/contact/page-014ffe98d40d1024.js":"232e2d58d0228d2cb601bbc0ba379dde536e7d4226460363a7096297679324d0","/_next/static/chunks/app/services/[slug]/page-d6d31178d8addb46.js":"4608d1925df67ee34e0fe96f6221af116916f45765436daa42daba38ebcb3b8c","/_next/static/chunks/881-935dd58845af1330.js":"e5a6d303220e14d1fa125a359703f5fa106e646b9784bd9c484d28bfcc5dea2a","/_next/static/chunks/882-50b5485c5e1c7124.js":"c6d5c030c3968d92af23744943c49612491d0698dfabcc434b799a2969dffd61","/assets/vendor/bootstrap/js/bootstrap.bundle.js.map":"3e182e8f0f8686d2958d2e0aae65ba142b090902dd2b2a04e4699a3c834ca7cd","/_next/static/media/6d93bde91c0c2823-s.woff2":"3c7c0f9b30fbf32ef7bce73a124041ba096eb51d8484a14062d32ca1d8faad36","/_next/static/chunks/app/contact/error-d022c2b22a2177a9.js":"b483d81cb54c7428b3e34a6bc37993f4e575bebe107a6161cef5df6a62ff5e42","/_next/static/chunks/app/contact/layout-b341a219f7c63875.js":"a7897c3dcc6a3b1f4742a12f450dbfa829a9cc335df9d617a9a962e7de1c325b","/_next/static/chunks/app/admin/page-ebae34ab6fc82eee.js":"a008e9c4861e80e5d486e826d53afc52b3cbcbac59bd605f2d9fa3708940f463","/_next/static/chunks/app/admin/layout-2073a709ffe90da7.js":"8c27c6e0a870998c6dfb2970e4a82acdd020dda6f99fce4724d8fd927e98b03e","/_next/static/chunks/app/admin/update/[serviceId]/page-29e30c082690825c.js":"5f9784c909c8ee74a8129ecfb729bf9f101e0839c6f04437049a506860ad9fd2","/_next/static/chunks/app/admin/register/page-3535a789b06acfb2.js":"fb094e444a609f8a5110c734a21f17fcbb83638934852bb2336f2bd3fb11c7f1","/_next/static/chunks/app/admin/login/page-05538bb1caa5dfb9.js":"076582e816069a442cf57e9fc0ef23f1da0f4293b1e2afc5b7c6db2477e41a0c","/_next/static/chunks/app/admin/home/page-cd5943cce26b70b5.js":"bfb9032cb20d6567f5b1b743e52c60a0cfca8fc9d317ce13ead6292c7bb58fac","/_next/static/chunks/app/_not-found/page-7302dfdc825cd2b9.js":"9acb947617336697250f6d4254479da7b2c88a2738dc67aec88a66650fde4d13","/_next/static/chunks/app/admin/create/page-17d07131df4ebb33.js":"13f41c0194b195ab75974dceb637030b6552e32522a522a6558c93a6a08078fd","/assets/vendor/bootstrap/css/bootstrap.css.map":"09b4844ad1c59969216f82ef1bd0a8528056b11e6b27102fad2e0e6782439b82","/_next/static/chunks/framework-6e06c675866dc992.js":"0ae40952338c12a8a1cf02acef71d8abc537b35263924e7e953be3254454c250","/_next/static/XBGE4dfxVf-xZp9Tbn7wp/_ssgManifest.js":"9cb48c2e7a47299faa0b17e3691868685fd80d7c60c739a7ce44c54366c78591","/_next/static/XBGE4dfxVf-xZp9Tbn7wp/_buildManifest.js":"d4a6ef502cf3e674fa8ea41b47748a3a7355c3be6e59b373a4f650e7a92eba62","/_next/static/chunks/40-70a85eef7a425fd2.js":"622b0c2c1bb6c751fd8a049cdc8a2da79bc29a1066f1e0c08516c30f60111681","/_next/static/chunks/3b0e684c-0cb06ed26578763f.js":"44729dcefe17f1f728d388a2157b1e71e97f00de6482c67375c1c87c0cc4e055","/_next/static/chunks/2fecfac3-5cb849862c26464c.js":"26252f4435b897277e142720a42d14e92707a1f232d95eb4234d9f8ad33d0965","/assets/vendor/bootstrap/css/bootstrap.min.css.map":"d23f0ddea92856d144123e72f5dfe86c3c8569ae264c90d4e05987e9e3d50469","/assets/vendor/boxicons/fonts/boxicons.svg":"59c68cf4d4f354a98a6b16fce976c487acd710806afda98e7da0b58392256df8","/_next/static/media/404.34faf146.webp":"55a00b0186712323e7b80b87285c915aaf3d7b7605aa230a6617ac3eebfb5d22","/_next/static/media/barcats-commercial-cleaning-contact.f0eebe8c.webp":"b9af2dfe5019f85b7ae5336c773f06711167683b4065c83ffd6364c84ddbd41f","/assets/vendor/icofont/fonts/icofont.woff2":"ee3d9aed440a9a444eefee21e2d1ba040e5ca8cf4353c5f64613912143f86743","/assets/vendor/icofont/fonts/icofont.woff":"5f8bdf3490e080fb99e22875975222351457b92a0c4e49fba47352a5a840f58d","/_next/static/chunks/c1936d3a-2ab6593878cce5d5.js":"ade46d76352a4a55d18f164fe12801b8fe6a0c7b197278fd1721efbf8a22c36f","/_next/static/media/barcats-commercial-cleaning-restaurants-bars-pubs.929bddde.png":"74986c8297951df468271939e1af7cd7e838252b841e53d7bcfe6167985e8917"}}
[debug] [2025-03-20T02:36:12.704Z] <<< [apiv2][status] POST https://firebasehosting.googleapis.com/v1beta1/projects/350733304017/sites/barcatscleaning/versions/55b39bda04d8dd8a:populateFiles 200
[debug] [2025-03-20T02:36:12.704Z] <<< [apiv2][body] POST https://firebasehosting.googleapis.com/v1beta1/projects/350733304017/sites/barcatscleaning/versions/55b39bda04d8dd8a:populateFiles {"uploadRequiredHashes":["58776ee9ffd879dc0bc75940c00c581c519d689b625ef8679107752c25816378","403c2fc66cfefd047120dd69752d1d707ef2c1ffd3af871bec69ae645e5e3776","13c5820b979666c8c87cd3ee72ef2c340718d2b5e0cabfaee7a58994192cfc6a","651343e4d22b377eba0ad7b4233c58ba5b4e5e7ae2be2ab7a2e4682a277a3024","9207b344351a5498726f77292ee0c0b01df75d28795559be865325210cf86a67","76fc8ed3a4da54d1a44884403e25f254ca8abfe29293390c60f2384456bf0bca","51e882b3c4ba46219008b3eff3e567244fe8d7a41593de32699424a7c922d313","b2b5f008312ac768bc9b8b699ca3b9f8dc80cd6df57aa59970732a222246a2c4","b2d918da3fdda1034f0207d46969f75562788f0a3262e787455026b3d7b3b082","1cf439aa41174788b9274ba454e4b81d8af80148a6ea1fb11af99fc1217d7236","e752ed379e11e0873135ec897135abeca219790f8a7c398fff0c2adaf3fdd9f5","bad281015ede65975ef0425caf10278a210d6b7295f632c6a4fbbaee17595c99","96c4ef73f559a5fe2abb36394a157ee9a46a36e4aa7612e71341489623327df5","2ef07ec2a5e7eb1326958be9a0cd475f33a49139df0d97a0e18c81a5b16278a0","fb6ce28e631a58c9ce9954937dda449d41e32b3101aab2fdce9b6a158fc27d08"],"uploadUrl":"https://upload-firebasehosting.googleapis.com/upload/sites/barcatscleaning/versions/55b39bda04d8dd8a/files"}
[debug] [2025-03-20T02:36:12.706Z] >>> [apiv2][query] POST https://upload-firebasehosting.googleapis.com/upload/sites/barcatscleaning/versions/55b39bda04d8dd8a/files/58776ee9ffd879dc0bc75940c00c581c519d689b625ef8679107752c25816378 [none]
[debug] [2025-03-20T02:36:12.706Z] >>> [apiv2][body] POST https://upload-firebasehosting.googleapis.com/upload/sites/barcatscleaning/versions/55b39bda04d8dd8a/files/58776ee9ffd879dc0bc75940c00c581c519d689b625ef8679107752c25816378 [stream]
[debug] [2025-03-20T02:36:12.708Z] >>> [apiv2][query] POST https://upload-firebasehosting.googleapis.com/upload/sites/barcatscleaning/versions/55b39bda04d8dd8a/files/403c2fc66cfefd047120dd69752d1d707ef2c1ffd3af871bec69ae645e5e3776 [none]
[debug] [2025-03-20T02:36:12.709Z] >>> [apiv2][body] POST https://upload-firebasehosting.googleapis.com/upload/sites/barcatscleaning/versions/55b39bda04d8dd8a/files/403c2fc66cfefd047120dd69752d1d707ef2c1ffd3af871bec69ae645e5e3776 [stream]
[debug] [2025-03-20T02:36:12.710Z] >>> [apiv2][query] POST https://upload-firebasehosting.googleapis.com/upload/sites/barcatscleaning/versions/55b39bda04d8dd8a/files/13c5820b979666c8c87cd3ee72ef2c340718d2b5e0cabfaee7a58994192cfc6a [none]
[debug] [2025-03-20T02:36:12.710Z] >>> [apiv2][body] POST https://upload-firebasehosting.googleapis.com/upload/sites/barcatscleaning/versions/55b39bda04d8dd8a/files/13c5820b979666c8c87cd3ee72ef2c340718d2b5e0cabfaee7a58994192cfc6a [stream]
[debug] [2025-03-20T02:36:12.711Z] >>> [apiv2][query] POST https://upload-firebasehosting.googleapis.com/upload/sites/barcatscleaning/versions/55b39bda04d8dd8a/files/651343e4d22b377eba0ad7b4233c58ba5b4e5e7ae2be2ab7a2e4682a277a3024 [none]
[debug] [2025-03-20T02:36:12.711Z] >>> [apiv2][body] POST https://upload-firebasehosting.googleapis.com/upload/sites/barcatscleaning/versions/55b39bda04d8dd8a/files/651343e4d22b377eba0ad7b4233c58ba5b4e5e7ae2be2ab7a2e4682a277a3024 [stream]
[debug] [2025-03-20T02:36:12.712Z] >>> [apiv2][query] POST https://upload-firebasehosting.googleapis.com/upload/sites/barcatscleaning/versions/55b39bda04d8dd8a/files/9207b344351a5498726f77292ee0c0b01df75d28795559be865325210cf86a67 [none]
[debug] [2025-03-20T02:36:12.712Z] >>> [apiv2][body] POST https://upload-firebasehosting.googleapis.com/upload/sites/barcatscleaning/versions/55b39bda04d8dd8a/files/9207b344351a5498726f77292ee0c0b01df75d28795559be865325210cf86a67 [stream]
[debug] [2025-03-20T02:36:12.713Z] >>> [apiv2][query] POST https://upload-firebasehosting.googleapis.com/upload/sites/barcatscleaning/versions/55b39bda04d8dd8a/files/76fc8ed3a4da54d1a44884403e25f254ca8abfe29293390c60f2384456bf0bca [none]
[debug] [2025-03-20T02:36:12.713Z] >>> [apiv2][body] POST https://upload-firebasehosting.googleapis.com/upload/sites/barcatscleaning/versions/55b39bda04d8dd8a/files/76fc8ed3a4da54d1a44884403e25f254ca8abfe29293390c60f2384456bf0bca [stream]
[debug] [2025-03-20T02:36:12.714Z] >>> [apiv2][query] POST https://upload-firebasehosting.googleapis.com/upload/sites/barcatscleaning/versions/55b39bda04d8dd8a/files/51e882b3c4ba46219008b3eff3e567244fe8d7a41593de32699424a7c922d313 [none]
[debug] [2025-03-20T02:36:12.714Z] >>> [apiv2][body] POST https://upload-firebasehosting.googleapis.com/upload/sites/barcatscleaning/versions/55b39bda04d8dd8a/files/51e882b3c4ba46219008b3eff3e567244fe8d7a41593de32699424a7c922d313 [stream]
[debug] [2025-03-20T02:36:12.714Z] >>> [apiv2][query] POST https://upload-firebasehosting.googleapis.com/upload/sites/barcatscleaning/versions/55b39bda04d8dd8a/files/b2b5f008312ac768bc9b8b699ca3b9f8dc80cd6df57aa59970732a222246a2c4 [none]
[debug] [2025-03-20T02:36:12.714Z] >>> [apiv2][body] POST https://upload-firebasehosting.googleapis.com/upload/sites/barcatscleaning/versions/55b39bda04d8dd8a/files/b2b5f008312ac768bc9b8b699ca3b9f8dc80cd6df57aa59970732a222246a2c4 [stream]
[debug] [2025-03-20T02:36:12.715Z] >>> [apiv2][query] POST https://upload-firebasehosting.googleapis.com/upload/sites/barcatscleaning/versions/55b39bda04d8dd8a/files/b2d918da3fdda1034f0207d46969f75562788f0a3262e787455026b3d7b3b082 [none]
[debug] [2025-03-20T02:36:12.715Z] >>> [apiv2][body] POST https://upload-firebasehosting.googleapis.com/upload/sites/barcatscleaning/versions/55b39bda04d8dd8a/files/b2d918da3fdda1034f0207d46969f75562788f0a3262e787455026b3d7b3b082 [stream]
[debug] [2025-03-20T02:36:12.716Z] >>> [apiv2][query] POST https://upload-firebasehosting.googleapis.com/upload/sites/barcatscleaning/versions/55b39bda04d8dd8a/files/1cf439aa41174788b9274ba454e4b81d8af80148a6ea1fb11af99fc1217d7236 [none]
[debug] [2025-03-20T02:36:12.716Z] >>> [apiv2][body] POST https://upload-firebasehosting.googleapis.com/upload/sites/barcatscleaning/versions/55b39bda04d8dd8a/files/1cf439aa41174788b9274ba454e4b81d8af80148a6ea1fb11af99fc1217d7236 [stream]
[debug] [2025-03-20T02:36:12.717Z] >>> [apiv2][query] POST https://upload-firebasehosting.googleapis.com/upload/sites/barcatscleaning/versions/55b39bda04d8dd8a/files/e752ed379e11e0873135ec897135abeca219790f8a7c398fff0c2adaf3fdd9f5 [none]
[debug] [2025-03-20T02:36:12.717Z] >>> [apiv2][body] POST https://upload-firebasehosting.googleapis.com/upload/sites/barcatscleaning/versions/55b39bda04d8dd8a/files/e752ed379e11e0873135ec897135abeca219790f8a7c398fff0c2adaf3fdd9f5 [stream]
[debug] [2025-03-20T02:36:12.717Z] >>> [apiv2][query] POST https://upload-firebasehosting.googleapis.com/upload/sites/barcatscleaning/versions/55b39bda04d8dd8a/files/bad281015ede65975ef0425caf10278a210d6b7295f632c6a4fbbaee17595c99 [none]
[debug] [2025-03-20T02:36:12.717Z] >>> [apiv2][body] POST https://upload-firebasehosting.googleapis.com/upload/sites/barcatscleaning/versions/55b39bda04d8dd8a/files/bad281015ede65975ef0425caf10278a210d6b7295f632c6a4fbbaee17595c99 [stream]
[debug] [2025-03-20T02:36:12.718Z] >>> [apiv2][query] POST https://upload-firebasehosting.googleapis.com/upload/sites/barcatscleaning/versions/55b39bda04d8dd8a/files/96c4ef73f559a5fe2abb36394a157ee9a46a36e4aa7612e71341489623327df5 [none]
[debug] [2025-03-20T02:36:12.718Z] >>> [apiv2][body] POST https://upload-firebasehosting.googleapis.com/upload/sites/barcatscleaning/versions/55b39bda04d8dd8a/files/96c4ef73f559a5fe2abb36394a157ee9a46a36e4aa7612e71341489623327df5 [stream]
[debug] [2025-03-20T02:36:12.719Z] >>> [apiv2][query] POST https://upload-firebasehosting.googleapis.com/upload/sites/barcatscleaning/versions/55b39bda04d8dd8a/files/2ef07ec2a5e7eb1326958be9a0cd475f33a49139df0d97a0e18c81a5b16278a0 [none]
[debug] [2025-03-20T02:36:12.719Z] >>> [apiv2][body] POST https://upload-firebasehosting.googleapis.com/upload/sites/barcatscleaning/versions/55b39bda04d8dd8a/files/2ef07ec2a5e7eb1326958be9a0cd475f33a49139df0d97a0e18c81a5b16278a0 [stream]
[debug] [2025-03-20T02:36:12.720Z] >>> [apiv2][query] POST https://upload-firebasehosting.googleapis.com/upload/sites/barcatscleaning/versions/55b39bda04d8dd8a/files/fb6ce28e631a58c9ce9954937dda449d41e32b3101aab2fdce9b6a158fc27d08 [none]
[debug] [2025-03-20T02:36:12.720Z] >>> [apiv2][body] POST https://upload-firebasehosting.googleapis.com/upload/sites/barcatscleaning/versions/55b39bda04d8dd8a/files/fb6ce28e631a58c9ce9954937dda449d41e32b3101aab2fdce9b6a158fc27d08 [stream]
[debug] [2025-03-20T02:36:12.721Z] [hosting][populate queue][FINAL] {"max":576,"min":576,"avg":576,"active":0,"complete":1,"success":1,"errored":0,"retried":0,"total":1,"elapsed":591}
[debug] [2025-03-20T02:36:12.721Z] [hosting] uploads queued: 15
[debug] [2025-03-20T02:36:13.355Z] <<< [apiv2][status] POST https://upload-firebasehosting.googleapis.com/upload/sites/barcatscleaning/versions/55b39bda04d8dd8a/files/9207b344351a5498726f77292ee0c0b01df75d28795559be865325210cf86a67 200
[debug] [2025-03-20T02:36:13.356Z] <<< [apiv2][body] POST https://upload-firebasehosting.googleapis.com/upload/sites/barcatscleaning/versions/55b39bda04d8dd8a/files/9207b344351a5498726f77292ee0c0b01df75d28795559be865325210cf86a67 [stream]
[debug] [2025-03-20T02:36:13.365Z] <<< [apiv2][status] POST https://upload-firebasehosting.googleapis.com/upload/sites/barcatscleaning/versions/55b39bda04d8dd8a/files/651343e4d22b377eba0ad7b4233c58ba5b4e5e7ae2be2ab7a2e4682a277a3024 200
[debug] [2025-03-20T02:36:13.365Z] <<< [apiv2][body] POST https://upload-firebasehosting.googleapis.com/upload/sites/barcatscleaning/versions/55b39bda04d8dd8a/files/651343e4d22b377eba0ad7b4233c58ba5b4e5e7ae2be2ab7a2e4682a277a3024 [stream]
[debug] [2025-03-20T02:36:13.467Z] <<< [apiv2][status] POST https://upload-firebasehosting.googleapis.com/upload/sites/barcatscleaning/versions/55b39bda04d8dd8a/files/51e882b3c4ba46219008b3eff3e567244fe8d7a41593de32699424a7c922d313 200
[debug] [2025-03-20T02:36:13.467Z] <<< [apiv2][body] POST https://upload-firebasehosting.googleapis.com/upload/sites/barcatscleaning/versions/55b39bda04d8dd8a/files/51e882b3c4ba46219008b3eff3e567244fe8d7a41593de32699424a7c922d313 [stream]
[debug] [2025-03-20T02:36:13.486Z] <<< [apiv2][status] POST https://upload-firebasehosting.googleapis.com/upload/sites/barcatscleaning/versions/55b39bda04d8dd8a/files/fb6ce28e631a58c9ce9954937dda449d41e32b3101aab2fdce9b6a158fc27d08 200
[debug] [2025-03-20T02:36:13.486Z] <<< [apiv2][body] POST https://upload-firebasehosting.googleapis.com/upload/sites/barcatscleaning/versions/55b39bda04d8dd8a/files/fb6ce28e631a58c9ce9954937dda449d41e32b3101aab2fdce9b6a158fc27d08 [stream]
[debug] [2025-03-20T02:36:13.499Z] <<< [apiv2][status] POST https://upload-firebasehosting.googleapis.com/upload/sites/barcatscleaning/versions/55b39bda04d8dd8a/files/96c4ef73f559a5fe2abb36394a157ee9a46a36e4aa7612e71341489623327df5 200
[debug] [2025-03-20T02:36:13.499Z] <<< [apiv2][body] POST https://upload-firebasehosting.googleapis.com/upload/sites/barcatscleaning/versions/55b39bda04d8dd8a/files/96c4ef73f559a5fe2abb36394a157ee9a46a36e4aa7612e71341489623327df5 [stream]
[debug] [2025-03-20T02:36:13.521Z] <<< [apiv2][status] POST https://upload-firebasehosting.googleapis.com/upload/sites/barcatscleaning/versions/55b39bda04d8dd8a/files/403c2fc66cfefd047120dd69752d1d707ef2c1ffd3af871bec69ae645e5e3776 200
[debug] [2025-03-20T02:36:13.521Z] <<< [apiv2][body] POST https://upload-firebasehosting.googleapis.com/upload/sites/barcatscleaning/versions/55b39bda04d8dd8a/files/403c2fc66cfefd047120dd69752d1d707ef2c1ffd3af871bec69ae645e5e3776 [stream]
[debug] [2025-03-20T02:36:13.522Z] <<< [apiv2][status] POST https://upload-firebasehosting.googleapis.com/upload/sites/barcatscleaning/versions/55b39bda04d8dd8a/files/e752ed379e11e0873135ec897135abeca219790f8a7c398fff0c2adaf3fdd9f5 200
[debug] [2025-03-20T02:36:13.522Z] <<< [apiv2][body] POST https://upload-firebasehosting.googleapis.com/upload/sites/barcatscleaning/versions/55b39bda04d8dd8a/files/e752ed379e11e0873135ec897135abeca219790f8a7c398fff0c2adaf3fdd9f5 [stream]
[debug] [2025-03-20T02:36:13.523Z] <<< [apiv2][status] POST https://upload-firebasehosting.googleapis.com/upload/sites/barcatscleaning/versions/55b39bda04d8dd8a/files/b2d918da3fdda1034f0207d46969f75562788f0a3262e787455026b3d7b3b082 200
[debug] [2025-03-20T02:36:13.523Z] <<< [apiv2][body] POST https://upload-firebasehosting.googleapis.com/upload/sites/barcatscleaning/versions/55b39bda04d8dd8a/files/b2d918da3fdda1034f0207d46969f75562788f0a3262e787455026b3d7b3b082 [stream]
[debug] [2025-03-20T02:36:13.524Z] <<< [apiv2][status] POST https://upload-firebasehosting.googleapis.com/upload/sites/barcatscleaning/versions/55b39bda04d8dd8a/files/58776ee9ffd879dc0bc75940c00c581c519d689b625ef8679107752c25816378 200
[debug] [2025-03-20T02:36:13.524Z] <<< [apiv2][body] POST https://upload-firebasehosting.googleapis.com/upload/sites/barcatscleaning/versions/55b39bda04d8dd8a/files/58776ee9ffd879dc0bc75940c00c581c519d689b625ef8679107752c25816378 [stream]
[debug] [2025-03-20T02:36:13.618Z] <<< [apiv2][status] POST https://upload-firebasehosting.googleapis.com/upload/sites/barcatscleaning/versions/55b39bda04d8dd8a/files/1cf439aa41174788b9274ba454e4b81d8af80148a6ea1fb11af99fc1217d7236 200
[debug] [2025-03-20T02:36:13.618Z] <<< [apiv2][body] POST https://upload-firebasehosting.googleapis.com/upload/sites/barcatscleaning/versions/55b39bda04d8dd8a/files/1cf439aa41174788b9274ba454e4b81d8af80148a6ea1fb11af99fc1217d7236 [stream]
[debug] [2025-03-20T02:36:13.649Z] <<< [apiv2][status] POST https://upload-firebasehosting.googleapis.com/upload/sites/barcatscleaning/versions/55b39bda04d8dd8a/files/2ef07ec2a5e7eb1326958be9a0cd475f33a49139df0d97a0e18c81a5b16278a0 200
[debug] [2025-03-20T02:36:13.649Z] <<< [apiv2][body] POST https://upload-firebasehosting.googleapis.com/upload/sites/barcatscleaning/versions/55b39bda04d8dd8a/files/2ef07ec2a5e7eb1326958be9a0cd475f33a49139df0d97a0e18c81a5b16278a0 [stream]
[debug] [2025-03-20T02:36:13.708Z] <<< [apiv2][status] POST https://upload-firebasehosting.googleapis.com/upload/sites/barcatscleaning/versions/55b39bda04d8dd8a/files/13c5820b979666c8c87cd3ee72ef2c340718d2b5e0cabfaee7a58994192cfc6a 200
[debug] [2025-03-20T02:36:13.708Z] <<< [apiv2][body] POST https://upload-firebasehosting.googleapis.com/upload/sites/barcatscleaning/versions/55b39bda04d8dd8a/files/13c5820b979666c8c87cd3ee72ef2c340718d2b5e0cabfaee7a58994192cfc6a [stream]
[debug] [2025-03-20T02:36:13.745Z] <<< [apiv2][status] POST https://upload-firebasehosting.googleapis.com/upload/sites/barcatscleaning/versions/55b39bda04d8dd8a/files/b2b5f008312ac768bc9b8b699ca3b9f8dc80cd6df57aa59970732a222246a2c4 200
[debug] [2025-03-20T02:36:13.745Z] <<< [apiv2][body] POST https://upload-firebasehosting.googleapis.com/upload/sites/barcatscleaning/versions/55b39bda04d8dd8a/files/b2b5f008312ac768bc9b8b699ca3b9f8dc80cd6df57aa59970732a222246a2c4 [stream]
[debug] [2025-03-20T02:36:13.782Z] <<< [apiv2][status] POST https://upload-firebasehosting.googleapis.com/upload/sites/barcatscleaning/versions/55b39bda04d8dd8a/files/bad281015ede65975ef0425caf10278a210d6b7295f632c6a4fbbaee17595c99 200
[debug] [2025-03-20T02:36:13.783Z] <<< [apiv2][body] POST https://upload-firebasehosting.googleapis.com/upload/sites/barcatscleaning/versions/55b39bda04d8dd8a/files/bad281015ede65975ef0425caf10278a210d6b7295f632c6a4fbbaee17595c99 [stream]
[debug] [2025-03-20T02:36:13.786Z] <<< [apiv2][status] POST https://upload-firebasehosting.googleapis.com/upload/sites/barcatscleaning/versions/55b39bda04d8dd8a/files/76fc8ed3a4da54d1a44884403e25f254ca8abfe29293390c60f2384456bf0bca 200
[debug] [2025-03-20T02:36:13.786Z] <<< [apiv2][body] POST https://upload-firebasehosting.googleapis.com/upload/sites/barcatscleaning/versions/55b39bda04d8dd8a/files/76fc8ed3a4da54d1a44884403e25f254ca8abfe29293390c60f2384456bf0bca [stream]
[debug] [2025-03-20T02:36:13.786Z] [hosting][upload queue][FINAL] {"max":1081,"min":651,"avg":865.4,"active":0,"complete":15,"success":15,"errored":0,"retried":0,"total":15,"elapsed":1082}
[info] ✔  hosting[barcatscleaning]: file upload complete 
[debug] [2025-03-20T02:36:13.787Z] [hosting] deploy completed after 2205ms
[info] i  functions: Skipping the deploy of unchanged functions. 
[info] ✔  functions[sendEmail(us-central1)] Skipped (No changes detected) 
[info] i  functions: updating Node.js 20 (2nd Gen) function firebase-frameworks-barcatscleaning:ssrbarcatscleaning(us-central1)... 
[debug] [2025-03-20T02:36:13.792Z] >>> [apiv2][query] PATCH https://cloudfunctions.googleapis.com/v2/projects/barcatscleaning/locations/us-central1/functions/ssrbarcatscleaning updateMask=name%2CbuildConfig.runtime%2CbuildConfig.entryPoint%2CbuildConfig.source.storageSource.bucket%2CbuildConfig.source.storageSource.object%2CbuildConfig.environmentVariables%2CbuildConfig.sourceToken%2CserviceConfig.environmentVariables%2CserviceConfig.availableMemory%2CserviceConfig.maxInstanceRequestConcurrency%2CserviceConfig.availableCpu%2Clabels%2CbuildConfig.buildEnvironmentVariables
[debug] [2025-03-20T02:36:13.793Z] >>> [apiv2][body] PATCH https://cloudfunctions.googleapis.com/v2/projects/barcatscleaning/locations/us-central1/functions/ssrbarcatscleaning {"name":"projects/barcatscleaning/locations/us-central1/functions/ssrbarcatscleaning","buildConfig":{"runtime":"nodejs20","entryPoint":"ssrbarcatscleaning","source":{"storageSource":{"bucket":"gcf-v2-uploads-350733304017.us-central1.cloudfunctions.appspot.com","object":"03cbb79e-f078-4c34-ab64-d0b95748df94.zip"}},"environmentVariables":{"GOOGLE_NODE_RUN_SCRIPTS":""}},"serviceConfig":{"environmentVariables":{"NEXT_PUBLIC_FIREBASE_API_KEY":"AIzaSyAxpmVj8ZXVRcr5dCfnfTJLNrUhBpA-75k","NEXT_PUBLIC_FIREBASE_AUTH_DOMAIN":"barcatscleaning.firebaseapp.com","NEXT_PUBLIC_FIREBASE_DATABASE_URL":"https://barcatscleaning-default-rtdb.firebaseio.com","NEXT_PUBLIC_FIREBASE_PROJECT_ID":"barcatscleaning","NEXT_PUBLIC_FIREBASE_STORAGE_BUCKET":"barcatscleaning.appspot.com","NEXT_PUBLIC_FIREBASE_MESSAGING_SENDER_ID":"350733304017","NEXT_PUBLIC_FIREBASE_APP_ID":"1:350733304017:web:d4c58173433996facc45f0","NEXT_PUBLIC_FIREBASE_MEASUREMENT_ID":"G-TZ0W3YVW2G","SITE_URL":"https://barcats.ca","BC_FIREBASE_PROJECT_ID":"barcatscleaning","BC_FIREBASE_CLIENT_EMAIL":"firebase-adminsdk-shuxf@barcatscleaning.iam.gserviceaccount.com","NEXT_PUBLIC_FIREBASE_USER_UID":"8AcQSiHSTEYUGuhaoo1g9qmj3Xu1","NEXT_PUBLIC_PLACES_ID":"ChIJS4PPuEo1K4gRyqFu33eRp_A","NEXT_PUBLIC_GOOGLE_PLACES_API_KEY":"AIzaSyCnGy75_JmV00IHBleEMoRrZV4rj7J-PwE","NEXT_PUBLIC_HOMEPAGE_IMAGE_DOC":"UNgQ8lrzIDX1063ev1JV","NEXT_PUBLIC_GA_ID":"G-K7THLV1JPR","NEXT_PUBLIC_GTM_ID":"GTM-5ZXKNQC6","NEXT_PUBLIC_SENDMAIL":"https://us-central1-barcatscleaning.cloudfunctions.net/sendEmail","VERCEL_URL":"barcatscleaning.web.app","__FIREBASE_FRAMEWORKS_ENTRY__":"next.js","__FIREBASE_DEFAULTS__":"{\"config\":{\"projectId\":\"barcatscleaning\",\"appId\":\"1:350733304017:web:d4c58173433996facc45f0\",\"databaseURL\":\"https://barcatscleaning-default-rtdb.firebaseio.com\",\"storageBucket\":\"barcatscleaning.appspot.com\",\"locationId\":\"us-central\",\"apiKey\":\"AIzaSyAxpmVj8ZXVRcr5dCfnfTJLNrUhBpA-75k\",\"authDomain\":\"barcatscleaning.firebaseapp.com\",\"messagingSenderId\":\"350733304017\",\"measurementId\":\"G-TZ0W3YVW2G\"},\"_authTokenSyncURL\":\"/__session\"}","FIREBASE_CONFIG":"{\"projectId\":\"barcatscleaning\",\"databaseURL\":\"https://barcatscleaning-default-rtdb.firebaseio.com\",\"storageBucket\":\"barcatscleaning.appspot.com\",\"locationId\":\"us-central\"}","GCLOUD_PROJECT":"barcatscleaning","EVENTARC_CLOUD_EVENT_SOURCE":"projects/barcatscleaning/locations/us-central1/services/ssrbarcatscleaning","FUNCTION_TARGET":"ssrbarcatscleaning"},"availableMemory":"256Mi","maxInstanceRequestConcurrency":80,"availableCpu":"1"},"labels":{"deployment-tool":"cli-firebase","firebase-functions-codebase":"firebase-frameworks-barcatscleaning","firebase-functions-hash":"0cb6063fdb8d395686036f767746691e582801d5"}}
[debug] [2025-03-20T02:36:15.314Z] <<< [apiv2][status] PATCH https://cloudfunctions.googleapis.com/v2/projects/barcatscleaning/locations/us-central1/functions/ssrbarcatscleaning 200
[debug] [2025-03-20T02:36:15.314Z] <<< [apiv2][body] PATCH https://cloudfunctions.googleapis.com/v2/projects/barcatscleaning/locations/us-central1/functions/ssrbarcatscleaning {"name":"projects/barcatscleaning/locations/us-central1/operations/operation-1742438174119-630bd0069560f-e5cb9337-c4a9c2d6","metadata":{"@type":"type.googleapis.com/google.cloud.functions.v2.OperationMetadata","createTime":"2025-03-20T02:36:15.382463560Z","target":"projects/barcatscleaning/locations/us-central1/functions/ssrbarcatscleaning","verb":"update","cancelRequested":false,"apiVersion":"v2"},"done":false}
[debug] [2025-03-20T02:36:15.315Z] >>> [apiv2][query] GET https://cloudfunctions.googleapis.com/v2/projects/barcatscleaning/locations/us-central1/operations/operation-1742438174119-630bd0069560f-e5cb9337-c4a9c2d6 [none]
[debug] [2025-03-20T02:36:15.527Z] <<< [apiv2][status] GET https://cloudfunctions.googleapis.com/v2/projects/barcatscleaning/locations/us-central1/operations/operation-1742438174119-630bd0069560f-e5cb9337-c4a9c2d6 200
[debug] [2025-03-20T02:36:15.527Z] <<< [apiv2][body] GET https://cloudfunctions.googleapis.com/v2/projects/barcatscleaning/locations/us-central1/operations/operation-1742438174119-630bd0069560f-e5cb9337-c4a9c2d6 {"name":"projects/barcatscleaning/locations/us-central1/operations/operation-1742438174119-630bd0069560f-e5cb9337-c4a9c2d6","metadata":{"@type":"type.googleapis.com/google.cloud.functions.v2.OperationMetadata","createTime":"2025-03-20T02:36:15.382463560Z","target":"projects/barcatscleaning/locations/us-central1/functions/ssrbarcatscleaning","verb":"update","cancelRequested":false,"apiVersion":"v2","requestResource":{"@type":"type.googleapis.com/google.cloud.functions.v2.Function","name":"projects/barcatscleaning/locations/us-central1/functions/ssrbarcatscleaning","buildConfig":{"runtime":"nodejs20","entryPoint":"ssrbarcatscleaning","source":{"storageSource":{"bucket":"gcf-v2-sources-350733304017-us-central1","object":"ssrbarcatscleaning/function-source.zip","generation":"1742438175287647"}},"environmentVariables":{"GOOGLE_NODE_RUN_SCRIPTS":""},"dockerRepository":"projects/barcatscleaning/locations/us-central1/repositories/gcf-artifacts","sourceProvenance":{"resolvedStorageSource":{"bucket":"gcf-v2-sources-350733304017-us-central1","object":"ssrbarcatscleaning/function-source.zip","generation":"1742357013326625"}},"dockerRegistry":"ARTIFACT_REGISTRY","automaticUpdatePolicy":{}},"serviceConfig":{"service":"projects/barcatscleaning/locations/us-central1/services/ssrbarcatscleaning","timeoutSeconds":60,"environmentVariables":{"NEXT_PUBLIC_FIREBASE_API_KEY":"AIzaSyAxpmVj8ZXVRcr5dCfnfTJLNrUhBpA-75k","NEXT_PUBLIC_FIREBASE_AUTH_DOMAIN":"barcatscleaning.firebaseapp.com","NEXT_PUBLIC_FIREBASE_DATABASE_URL":"https://barcatscleaning-default-rtdb.firebaseio.com","NEXT_PUBLIC_FIREBASE_PROJECT_ID":"barcatscleaning","NEXT_PUBLIC_FIREBASE_STORAGE_BUCKET":"barcatscleaning.appspot.com","NEXT_PUBLIC_FIREBASE_MESSAGING_SENDER_ID":"350733304017","NEXT_PUBLIC_FIREBASE_APP_ID":"1:350733304017:web:d4c58173433996facc45f0","NEXT_PUBLIC_FIREBASE_MEASUREMENT_ID":"G-TZ0W3YVW2G","SITE_URL":"https://barcats.ca","BC_FIREBASE_PROJECT_ID":"barcatscleaning","BC_FIREBASE_CLIENT_EMAIL":"firebase-adminsdk-shuxf@barcatscleaning.iam.gserviceaccount.com","NEXT_PUBLIC_FIREBASE_USER_UID":"8AcQSiHSTEYUGuhaoo1g9qmj3Xu1","NEXT_PUBLIC_PLACES_ID":"ChIJS4PPuEo1K4gRyqFu33eRp_A","NEXT_PUBLIC_GOOGLE_PLACES_API_KEY":"AIzaSyCnGy75_JmV00IHBleEMoRrZV4rj7J-PwE","NEXT_PUBLIC_HOMEPAGE_IMAGE_DOC":"UNgQ8lrzIDX1063ev1JV","NEXT_PUBLIC_GA_ID":"G-K7THLV1JPR","NEXT_PUBLIC_GTM_ID":"GTM-5ZXKNQC6","NEXT_PUBLIC_SENDMAIL":"https://us-central1-barcatscleaning.cloudfunctions.net/sendEmail","VERCEL_URL":"barcatscleaning.web.app","__FIREBASE_FRAMEWORKS_ENTRY__":"next.js","__FIREBASE_DEFAULTS__":"{\"config\":{\"projectId\":\"barcatscleaning\",\"appId\":\"1:350733304017:web:d4c58173433996facc45f0\",\"databaseURL\":\"https://barcatscleaning-default-rtdb.firebaseio.com\",\"storageBucket\":\"barcatscleaning.appspot.com\",\"locationId\":\"us-central\",\"apiKey\":\"AIzaSyAxpmVj8ZXVRcr5dCfnfTJLNrUhBpA-75k\",\"authDomain\":\"barcatscleaning.firebaseapp.com\",\"messagingSenderId\":\"350733304017\",\"measurementId\":\"G-TZ0W3YVW2G\"},\"_authTokenSyncURL\":\"/__session\"}","FIREBASE_CONFIG":"{\"projectId\":\"barcatscleaning\",\"databaseURL\":\"https://barcatscleaning-default-rtdb.firebaseio.com\",\"storageBucket\":\"barcatscleaning.appspot.com\",\"locationId\":\"us-central\"}","GCLOUD_PROJECT":"barcatscleaning","EVENTARC_CLOUD_EVENT_SOURCE":"projects/barcatscleaning/locations/us-central1/services/ssrbarcatscleaning","FUNCTION_TARGET":"ssrbarcatscleaning","LOG_EXECUTION_ID":"true"},"maxInstanceCount":100,"ingressSettings":"ALLOW_ALL","uri":"https://ssrbarcatscleaning-es33yz3enq-uc.a.run.app","serviceAccountEmail":"350733304017-compute@developer.gserviceaccount.com","availableMemory":"256Mi","allTrafficOnLatestRevision":true,"revision":"ssrbarcatscleaning-00060-fah","maxInstanceRequestConcurrency":80,"availableCpu":"1"},"state":"ACTIVE","labels":{"deployment-tool":"cli-firebase","firebase-functions-codebase":"firebase-frameworks-barcatscleaning","firebase-functions-hash":"0cb6063fdb8d395686036f767746691e582801d5"},"environment":"GEN_2","url":"https://us-central1-barcatscleaning.cloudfunctions.net/ssrbarcatscleaning","satisfiesPzi":true},"stages":[{"name":"BUILD","state":"NOT_STARTED"},{"name":"SERVICE","state":"NOT_STARTED"}],"operationType":"UPDATE_FUNCTION"},"done":false}
[debug] [2025-03-20T02:36:16.039Z] [update-firebase-frameworks-barcatscleaning-us-central1-ssrbarcatscleaning] Retrying task index 0
[debug] [2025-03-20T02:36:16.040Z] >>> [apiv2][query] GET https://cloudfunctions.googleapis.com/v2/projects/barcatscleaning/locations/us-central1/operations/operation-1742438174119-630bd0069560f-e5cb9337-c4a9c2d6 [none]
[debug] [2025-03-20T02:36:16.224Z] <<< [apiv2][status] GET https://cloudfunctions.googleapis.com/v2/projects/barcatscleaning/locations/us-central1/operations/operation-1742438174119-630bd0069560f-e5cb9337-c4a9c2d6 200
[debug] [2025-03-20T02:36:16.224Z] <<< [apiv2][body] GET https://cloudfunctions.googleapis.com/v2/projects/barcatscleaning/locations/us-central1/operations/operation-1742438174119-630bd0069560f-e5cb9337-c4a9c2d6 {"name":"projects/barcatscleaning/locations/us-central1/operations/operation-1742438174119-630bd0069560f-e5cb9337-c4a9c2d6","metadata":{"@type":"type.googleapis.com/google.cloud.functions.v2.OperationMetadata","createTime":"2025-03-20T02:36:15.382463560Z","target":"projects/barcatscleaning/locations/us-central1/functions/ssrbarcatscleaning","verb":"update","cancelRequested":false,"apiVersion":"v2","requestResource":{"@type":"type.googleapis.com/google.cloud.functions.v2.Function","name":"projects/barcatscleaning/locations/us-central1/functions/ssrbarcatscleaning","buildConfig":{"runtime":"nodejs20","entryPoint":"ssrbarcatscleaning","source":{"storageSource":{"bucket":"gcf-v2-sources-350733304017-us-central1","object":"ssrbarcatscleaning/function-source.zip","generation":"1742438175287647"}},"environmentVariables":{"GOOGLE_NODE_RUN_SCRIPTS":""},"dockerRepository":"projects/barcatscleaning/locations/us-central1/repositories/gcf-artifacts","sourceProvenance":{"resolvedStorageSource":{"bucket":"gcf-v2-sources-350733304017-us-central1","object":"ssrbarcatscleaning/function-source.zip","generation":"1742357013326625"}},"dockerRegistry":"ARTIFACT_REGISTRY","automaticUpdatePolicy":{}},"serviceConfig":{"service":"projects/barcatscleaning/locations/us-central1/services/ssrbarcatscleaning","timeoutSeconds":60,"environmentVariables":{"NEXT_PUBLIC_FIREBASE_API_KEY":"AIzaSyAxpmVj8ZXVRcr5dCfnfTJLNrUhBpA-75k","NEXT_PUBLIC_FIREBASE_AUTH_DOMAIN":"barcatscleaning.firebaseapp.com","NEXT_PUBLIC_FIREBASE_DATABASE_URL":"https://barcatscleaning-default-rtdb.firebaseio.com","NEXT_PUBLIC_FIREBASE_PROJECT_ID":"barcatscleaning","NEXT_PUBLIC_FIREBASE_STORAGE_BUCKET":"barcatscleaning.appspot.com","NEXT_PUBLIC_FIREBASE_MESSAGING_SENDER_ID":"350733304017","NEXT_PUBLIC_FIREBASE_APP_ID":"1:350733304017:web:d4c58173433996facc45f0","NEXT_PUBLIC_FIREBASE_MEASUREMENT_ID":"G-TZ0W3YVW2G","SITE_URL":"https://barcats.ca","BC_FIREBASE_PROJECT_ID":"barcatscleaning","BC_FIREBASE_CLIENT_EMAIL":"firebase-adminsdk-shuxf@barcatscleaning.iam.gserviceaccount.com","NEXT_PUBLIC_FIREBASE_USER_UID":"8AcQSiHSTEYUGuhaoo1g9qmj3Xu1","NEXT_PUBLIC_PLACES_ID":"ChIJS4PPuEo1K4gRyqFu33eRp_A","NEXT_PUBLIC_GOOGLE_PLACES_API_KEY":"AIzaSyCnGy75_JmV00IHBleEMoRrZV4rj7J-PwE","NEXT_PUBLIC_HOMEPAGE_IMAGE_DOC":"UNgQ8lrzIDX1063ev1JV","NEXT_PUBLIC_GA_ID":"G-K7THLV1JPR","NEXT_PUBLIC_GTM_ID":"GTM-5ZXKNQC6","NEXT_PUBLIC_SENDMAIL":"https://us-central1-barcatscleaning.cloudfunctions.net/sendEmail","VERCEL_URL":"barcatscleaning.web.app","__FIREBASE_FRAMEWORKS_ENTRY__":"next.js","__FIREBASE_DEFAULTS__":"{\"config\":{\"projectId\":\"barcatscleaning\",\"appId\":\"1:350733304017:web:d4c58173433996facc45f0\",\"databaseURL\":\"https://barcatscleaning-default-rtdb.firebaseio.com\",\"storageBucket\":\"barcatscleaning.appspot.com\",\"locationId\":\"us-central\",\"apiKey\":\"AIzaSyAxpmVj8ZXVRcr5dCfnfTJLNrUhBpA-75k\",\"authDomain\":\"barcatscleaning.firebaseapp.com\",\"messagingSenderId\":\"350733304017\",\"measurementId\":\"G-TZ0W3YVW2G\"},\"_authTokenSyncURL\":\"/__session\"}","FIREBASE_CONFIG":"{\"projectId\":\"barcatscleaning\",\"databaseURL\":\"https://barcatscleaning-default-rtdb.firebaseio.com\",\"storageBucket\":\"barcatscleaning.appspot.com\",\"locationId\":\"us-central\"}","GCLOUD_PROJECT":"barcatscleaning","EVENTARC_CLOUD_EVENT_SOURCE":"projects/barcatscleaning/locations/us-central1/services/ssrbarcatscleaning","FUNCTION_TARGET":"ssrbarcatscleaning","LOG_EXECUTION_ID":"true"},"maxInstanceCount":100,"ingressSettings":"ALLOW_ALL","uri":"https://ssrbarcatscleaning-es33yz3enq-uc.a.run.app","serviceAccountEmail":"350733304017-compute@developer.gserviceaccount.com","availableMemory":"256Mi","allTrafficOnLatestRevision":true,"revision":"ssrbarcatscleaning-00060-fah","maxInstanceRequestConcurrency":80,"availableCpu":"1"},"state":"ACTIVE","labels":{"deployment-tool":"cli-firebase","firebase-functions-codebase":"firebase-frameworks-barcatscleaning","firebase-functions-hash":"0cb6063fdb8d395686036f767746691e582801d5"},"environment":"GEN_2","url":"https://us-central1-barcatscleaning.cloudfunctions.net/ssrbarcatscleaning","satisfiesPzi":true},"stages":[{"name":"BUILD","message":"Build in progress","state":"IN_PROGRESS","resource":"projects/350733304017/locations/us-central1/builds/10af666e-a122-416c-9038-4ef2ab6ef4d4","resourceUri":"https://console.cloud.google.com/cloud-build/builds;region=us-central1/10af666e-a122-416c-9038-4ef2ab6ef4d4?project=350733304017"},{"name":"SERVICE","state":"NOT_STARTED"}],"operationType":"UPDATE_FUNCTION","buildName":"projects/350733304017/locations/us-central1/builds/10af666e-a122-416c-9038-4ef2ab6ef4d4"},"done":false}
[debug] [2025-03-20T02:36:17.228Z] [update-firebase-frameworks-barcatscleaning-us-central1-ssrbarcatscleaning] Retrying task index 0
[debug] [2025-03-20T02:36:17.228Z] >>> [apiv2][query] GET https://cloudfunctions.googleapis.com/v2/projects/barcatscleaning/locations/us-central1/operations/operation-1742438174119-630bd0069560f-e5cb9337-c4a9c2d6 [none]
[debug] [2025-03-20T02:36:17.434Z] <<< [apiv2][status] GET https://cloudfunctions.googleapis.com/v2/projects/barcatscleaning/locations/us-central1/operations/operation-1742438174119-630bd0069560f-e5cb9337-c4a9c2d6 200
[debug] [2025-03-20T02:36:17.434Z] <<< [apiv2][body] GET https://cloudfunctions.googleapis.com/v2/projects/barcatscleaning/locations/us-central1/operations/operation-1742438174119-630bd0069560f-e5cb9337-c4a9c2d6 {"name":"projects/barcatscleaning/locations/us-central1/operations/operation-1742438174119-630bd0069560f-e5cb9337-c4a9c2d6","metadata":{"@type":"type.googleapis.com/google.cloud.functions.v2.OperationMetadata","createTime":"2025-03-20T02:36:15.382463560Z","target":"projects/barcatscleaning/locations/us-central1/functions/ssrbarcatscleaning","verb":"update","cancelRequested":false,"apiVersion":"v2","requestResource":{"@type":"type.googleapis.com/google.cloud.functions.v2.Function","name":"projects/barcatscleaning/locations/us-central1/functions/ssrbarcatscleaning","buildConfig":{"runtime":"nodejs20","entryPoint":"ssrbarcatscleaning","source":{"storageSource":{"bucket":"gcf-v2-sources-350733304017-us-central1","object":"ssrbarcatscleaning/function-source.zip","generation":"1742438175287647"}},"environmentVariables":{"GOOGLE_NODE_RUN_SCRIPTS":""},"dockerRepository":"projects/barcatscleaning/locations/us-central1/repositories/gcf-artifacts","sourceProvenance":{"resolvedStorageSource":{"bucket":"gcf-v2-sources-350733304017-us-central1","object":"ssrbarcatscleaning/function-source.zip","generation":"1742357013326625"}},"dockerRegistry":"ARTIFACT_REGISTRY","automaticUpdatePolicy":{}},"serviceConfig":{"service":"projects/barcatscleaning/locations/us-central1/services/ssrbarcatscleaning","timeoutSeconds":60,"environmentVariables":{"NEXT_PUBLIC_FIREBASE_API_KEY":"AIzaSyAxpmVj8ZXVRcr5dCfnfTJLNrUhBpA-75k","NEXT_PUBLIC_FIREBASE_AUTH_DOMAIN":"barcatscleaning.firebaseapp.com","NEXT_PUBLIC_FIREBASE_DATABASE_URL":"https://barcatscleaning-default-rtdb.firebaseio.com","NEXT_PUBLIC_FIREBASE_PROJECT_ID":"barcatscleaning","NEXT_PUBLIC_FIREBASE_STORAGE_BUCKET":"barcatscleaning.appspot.com","NEXT_PUBLIC_FIREBASE_MESSAGING_SENDER_ID":"350733304017","NEXT_PUBLIC_FIREBASE_APP_ID":"1:350733304017:web:d4c58173433996facc45f0","NEXT_PUBLIC_FIREBASE_MEASUREMENT_ID":"G-TZ0W3YVW2G","SITE_URL":"https://barcats.ca","BC_FIREBASE_PROJECT_ID":"barcatscleaning","BC_FIREBASE_CLIENT_EMAIL":"firebase-adminsdk-shuxf@barcatscleaning.iam.gserviceaccount.com","NEXT_PUBLIC_FIREBASE_USER_UID":"8AcQSiHSTEYUGuhaoo1g9qmj3Xu1","NEXT_PUBLIC_PLACES_ID":"ChIJS4PPuEo1K4gRyqFu33eRp_A","NEXT_PUBLIC_GOOGLE_PLACES_API_KEY":"AIzaSyCnGy75_JmV00IHBleEMoRrZV4rj7J-PwE","NEXT_PUBLIC_HOMEPAGE_IMAGE_DOC":"UNgQ8lrzIDX1063ev1JV","NEXT_PUBLIC_GA_ID":"G-K7THLV1JPR","NEXT_PUBLIC_GTM_ID":"GTM-5ZXKNQC6","NEXT_PUBLIC_SENDMAIL":"https://us-central1-barcatscleaning.cloudfunctions.net/sendEmail","VERCEL_URL":"barcatscleaning.web.app","__FIREBASE_FRAMEWORKS_ENTRY__":"next.js","__FIREBASE_DEFAULTS__":"{\"config\":{\"projectId\":\"barcatscleaning\",\"appId\":\"1:350733304017:web:d4c58173433996facc45f0\",\"databaseURL\":\"https://barcatscleaning-default-rtdb.firebaseio.com\",\"storageBucket\":\"barcatscleaning.appspot.com\",\"locationId\":\"us-central\",\"apiKey\":\"AIzaSyAxpmVj8ZXVRcr5dCfnfTJLNrUhBpA-75k\",\"authDomain\":\"barcatscleaning.firebaseapp.com\",\"messagingSenderId\":\"350733304017\",\"measurementId\":\"G-TZ0W3YVW2G\"},\"_authTokenSyncURL\":\"/__session\"}","FIREBASE_CONFIG":"{\"projectId\":\"barcatscleaning\",\"databaseURL\":\"https://barcatscleaning-default-rtdb.firebaseio.com\",\"storageBucket\":\"barcatscleaning.appspot.com\",\"locationId\":\"us-central\"}","GCLOUD_PROJECT":"barcatscleaning","EVENTARC_CLOUD_EVENT_SOURCE":"projects/barcatscleaning/locations/us-central1/services/ssrbarcatscleaning","FUNCTION_TARGET":"ssrbarcatscleaning","LOG_EXECUTION_ID":"true"},"maxInstanceCount":100,"ingressSettings":"ALLOW_ALL","uri":"https://ssrbarcatscleaning-es33yz3enq-uc.a.run.app","serviceAccountEmail":"350733304017-compute@developer.gserviceaccount.com","availableMemory":"256Mi","allTrafficOnLatestRevision":true,"revision":"ssrbarcatscleaning-00060-fah","maxInstanceRequestConcurrency":80,"availableCpu":"1"},"state":"ACTIVE","labels":{"deployment-tool":"cli-firebase","firebase-functions-codebase":"firebase-frameworks-barcatscleaning","firebase-functions-hash":"0cb6063fdb8d395686036f767746691e582801d5"},"environment":"GEN_2","url":"https://us-central1-barcatscleaning.cloudfunctions.net/ssrbarcatscleaning","satisfiesPzi":true},"stages":[{"name":"BUILD","message":"Build in progress","state":"IN_PROGRESS","resource":"projects/350733304017/locations/us-central1/builds/10af666e-a122-416c-9038-4ef2ab6ef4d4","resourceUri":"https://console.cloud.google.com/cloud-build/builds;region=us-central1/10af666e-a122-416c-9038-4ef2ab6ef4d4?project=350733304017"},{"name":"SERVICE","state":"NOT_STARTED"}],"operationType":"UPDATE_FUNCTION","buildName":"projects/350733304017/locations/us-central1/builds/10af666e-a122-416c-9038-4ef2ab6ef4d4"},"done":false}
[debug] [2025-03-20T02:36:19.435Z] [update-firebase-frameworks-barcatscleaning-us-central1-ssrbarcatscleaning] Retrying task index 0
[debug] [2025-03-20T02:36:19.435Z] >>> [apiv2][query] GET https://cloudfunctions.googleapis.com/v2/projects/barcatscleaning/locations/us-central1/operations/operation-1742438174119-630bd0069560f-e5cb9337-c4a9c2d6 [none]
[debug] [2025-03-20T02:36:19.719Z] <<< [apiv2][status] GET https://cloudfunctions.googleapis.com/v2/projects/barcatscleaning/locations/us-central1/operations/operation-1742438174119-630bd0069560f-e5cb9337-c4a9c2d6 200
[debug] [2025-03-20T02:36:19.719Z] <<< [apiv2][body] GET https://cloudfunctions.googleapis.com/v2/projects/barcatscleaning/locations/us-central1/operations/operation-1742438174119-630bd0069560f-e5cb9337-c4a9c2d6 {"name":"projects/barcatscleaning/locations/us-central1/operations/operation-1742438174119-630bd0069560f-e5cb9337-c4a9c2d6","metadata":{"@type":"type.googleapis.com/google.cloud.functions.v2.OperationMetadata","createTime":"2025-03-20T02:36:15.382463560Z","target":"projects/barcatscleaning/locations/us-central1/functions/ssrbarcatscleaning","verb":"update","cancelRequested":false,"apiVersion":"v2","requestResource":{"@type":"type.googleapis.com/google.cloud.functions.v2.Function","name":"projects/barcatscleaning/locations/us-central1/functions/ssrbarcatscleaning","buildConfig":{"runtime":"nodejs20","entryPoint":"ssrbarcatscleaning","source":{"storageSource":{"bucket":"gcf-v2-sources-350733304017-us-central1","object":"ssrbarcatscleaning/function-source.zip","generation":"1742438175287647"}},"environmentVariables":{"GOOGLE_NODE_RUN_SCRIPTS":""},"dockerRepository":"projects/barcatscleaning/locations/us-central1/repositories/gcf-artifacts","sourceProvenance":{"resolvedStorageSource":{"bucket":"gcf-v2-sources-350733304017-us-central1","object":"ssrbarcatscleaning/function-source.zip","generation":"1742357013326625"}},"dockerRegistry":"ARTIFACT_REGISTRY","automaticUpdatePolicy":{}},"serviceConfig":{"service":"projects/barcatscleaning/locations/us-central1/services/ssrbarcatscleaning","timeoutSeconds":60,"environmentVariables":{"NEXT_PUBLIC_FIREBASE_API_KEY":"AIzaSyAxpmVj8ZXVRcr5dCfnfTJLNrUhBpA-75k","NEXT_PUBLIC_FIREBASE_AUTH_DOMAIN":"barcatscleaning.firebaseapp.com","NEXT_PUBLIC_FIREBASE_DATABASE_URL":"https://barcatscleaning-default-rtdb.firebaseio.com","NEXT_PUBLIC_FIREBASE_PROJECT_ID":"barcatscleaning","NEXT_PUBLIC_FIREBASE_STORAGE_BUCKET":"barcatscleaning.appspot.com","NEXT_PUBLIC_FIREBASE_MESSAGING_SENDER_ID":"350733304017","NEXT_PUBLIC_FIREBASE_APP_ID":"1:350733304017:web:d4c58173433996facc45f0","NEXT_PUBLIC_FIREBASE_MEASUREMENT_ID":"G-TZ0W3YVW2G","SITE_URL":"https://barcats.ca","BC_FIREBASE_PROJECT_ID":"barcatscleaning","BC_FIREBASE_CLIENT_EMAIL":"firebase-adminsdk-shuxf@barcatscleaning.iam.gserviceaccount.com","NEXT_PUBLIC_FIREBASE_USER_UID":"8AcQSiHSTEYUGuhaoo1g9qmj3Xu1","NEXT_PUBLIC_PLACES_ID":"ChIJS4PPuEo1K4gRyqFu33eRp_A","NEXT_PUBLIC_GOOGLE_PLACES_API_KEY":"AIzaSyCnGy75_JmV00IHBleEMoRrZV4rj7J-PwE","NEXT_PUBLIC_HOMEPAGE_IMAGE_DOC":"UNgQ8lrzIDX1063ev1JV","NEXT_PUBLIC_GA_ID":"G-K7THLV1JPR","NEXT_PUBLIC_GTM_ID":"GTM-5ZXKNQC6","NEXT_PUBLIC_SENDMAIL":"https://us-central1-barcatscleaning.cloudfunctions.net/sendEmail","VERCEL_URL":"barcatscleaning.web.app","__FIREBASE_FRAMEWORKS_ENTRY__":"next.js","__FIREBASE_DEFAULTS__":"{\"config\":{\"projectId\":\"barcatscleaning\",\"appId\":\"1:350733304017:web:d4c58173433996facc45f0\",\"databaseURL\":\"https://barcatscleaning-default-rtdb.firebaseio.com\",\"storageBucket\":\"barcatscleaning.appspot.com\",\"locationId\":\"us-central\",\"apiKey\":\"AIzaSyAxpmVj8ZXVRcr5dCfnfTJLNrUhBpA-75k\",\"authDomain\":\"barcatscleaning.firebaseapp.com\",\"messagingSenderId\":\"350733304017\",\"measurementId\":\"G-TZ0W3YVW2G\"},\"_authTokenSyncURL\":\"/__session\"}","FIREBASE_CONFIG":"{\"projectId\":\"barcatscleaning\",\"databaseURL\":\"https://barcatscleaning-default-rtdb.firebaseio.com\",\"storageBucket\":\"barcatscleaning.appspot.com\",\"locationId\":\"us-central\"}","GCLOUD_PROJECT":"barcatscleaning","EVENTARC_CLOUD_EVENT_SOURCE":"projects/barcatscleaning/locations/us-central1/services/ssrbarcatscleaning","FUNCTION_TARGET":"ssrbarcatscleaning","LOG_EXECUTION_ID":"true"},"maxInstanceCount":100,"ingressSettings":"ALLOW_ALL","uri":"https://ssrbarcatscleaning-es33yz3enq-uc.a.run.app","serviceAccountEmail":"350733304017-compute@developer.gserviceaccount.com","availableMemory":"256Mi","allTrafficOnLatestRevision":true,"revision":"ssrbarcatscleaning-00060-fah","maxInstanceRequestConcurrency":80,"availableCpu":"1"},"state":"ACTIVE","labels":{"deployment-tool":"cli-firebase","firebase-functions-codebase":"firebase-frameworks-barcatscleaning","firebase-functions-hash":"0cb6063fdb8d395686036f767746691e582801d5"},"environment":"GEN_2","url":"https://us-central1-barcatscleaning.cloudfunctions.net/ssrbarcatscleaning","satisfiesPzi":true},"stages":[{"name":"BUILD","message":"Build in progress","state":"IN_PROGRESS","resource":"projects/350733304017/locations/us-central1/builds/10af666e-a122-416c-9038-4ef2ab6ef4d4","resourceUri":"https://console.cloud.google.com/cloud-build/builds;region=us-central1/10af666e-a122-416c-9038-4ef2ab6ef4d4?project=350733304017"},{"name":"SERVICE","state":"NOT_STARTED"}],"operationType":"UPDATE_FUNCTION","buildName":"projects/350733304017/locations/us-central1/builds/10af666e-a122-416c-9038-4ef2ab6ef4d4"},"done":false}
[debug] [2025-03-20T02:36:23.724Z] [update-firebase-frameworks-barcatscleaning-us-central1-ssrbarcatscleaning] Retrying task index 0
[debug] [2025-03-20T02:36:23.725Z] >>> [apiv2][query] GET https://cloudfunctions.googleapis.com/v2/projects/barcatscleaning/locations/us-central1/operations/operation-1742438174119-630bd0069560f-e5cb9337-c4a9c2d6 [none]
[debug] [2025-03-20T02:36:24.020Z] <<< [apiv2][status] GET https://cloudfunctions.googleapis.com/v2/projects/barcatscleaning/locations/us-central1/operations/operation-1742438174119-630bd0069560f-e5cb9337-c4a9c2d6 200
[debug] [2025-03-20T02:36:24.020Z] <<< [apiv2][body] GET https://cloudfunctions.googleapis.com/v2/projects/barcatscleaning/locations/us-central1/operations/operation-1742438174119-630bd0069560f-e5cb9337-c4a9c2d6 {"name":"projects/barcatscleaning/locations/us-central1/operations/operation-1742438174119-630bd0069560f-e5cb9337-c4a9c2d6","metadata":{"@type":"type.googleapis.com/google.cloud.functions.v2.OperationMetadata","createTime":"2025-03-20T02:36:15.382463560Z","target":"projects/barcatscleaning/locations/us-central1/functions/ssrbarcatscleaning","verb":"update","cancelRequested":false,"apiVersion":"v2","requestResource":{"@type":"type.googleapis.com/google.cloud.functions.v2.Function","name":"projects/barcatscleaning/locations/us-central1/functions/ssrbarcatscleaning","buildConfig":{"runtime":"nodejs20","entryPoint":"ssrbarcatscleaning","source":{"storageSource":{"bucket":"gcf-v2-sources-350733304017-us-central1","object":"ssrbarcatscleaning/function-source.zip","generation":"1742438175287647"}},"environmentVariables":{"GOOGLE_NODE_RUN_SCRIPTS":""},"dockerRepository":"projects/barcatscleaning/locations/us-central1/repositories/gcf-artifacts","sourceProvenance":{"resolvedStorageSource":{"bucket":"gcf-v2-sources-350733304017-us-central1","object":"ssrbarcatscleaning/function-source.zip","generation":"1742357013326625"}},"dockerRegistry":"ARTIFACT_REGISTRY","automaticUpdatePolicy":{}},"serviceConfig":{"service":"projects/barcatscleaning/locations/us-central1/services/ssrbarcatscleaning","timeoutSeconds":60,"environmentVariables":{"NEXT_PUBLIC_FIREBASE_API_KEY":"AIzaSyAxpmVj8ZXVRcr5dCfnfTJLNrUhBpA-75k","NEXT_PUBLIC_FIREBASE_AUTH_DOMAIN":"barcatscleaning.firebaseapp.com","NEXT_PUBLIC_FIREBASE_DATABASE_URL":"https://barcatscleaning-default-rtdb.firebaseio.com","NEXT_PUBLIC_FIREBASE_PROJECT_ID":"barcatscleaning","NEXT_PUBLIC_FIREBASE_STORAGE_BUCKET":"barcatscleaning.appspot.com","NEXT_PUBLIC_FIREBASE_MESSAGING_SENDER_ID":"350733304017","NEXT_PUBLIC_FIREBASE_APP_ID":"1:350733304017:web:d4c58173433996facc45f0","NEXT_PUBLIC_FIREBASE_MEASUREMENT_ID":"G-TZ0W3YVW2G","SITE_URL":"https://barcats.ca","BC_FIREBASE_PROJECT_ID":"barcatscleaning","BC_FIREBASE_CLIENT_EMAIL":"firebase-adminsdk-shuxf@barcatscleaning.iam.gserviceaccount.com","NEXT_PUBLIC_FIREBASE_USER_UID":"8AcQSiHSTEYUGuhaoo1g9qmj3Xu1","NEXT_PUBLIC_PLACES_ID":"ChIJS4PPuEo1K4gRyqFu33eRp_A","NEXT_PUBLIC_GOOGLE_PLACES_API_KEY":"AIzaSyCnGy75_JmV00IHBleEMoRrZV4rj7J-PwE","NEXT_PUBLIC_HOMEPAGE_IMAGE_DOC":"UNgQ8lrzIDX1063ev1JV","NEXT_PUBLIC_GA_ID":"G-K7THLV1JPR","NEXT_PUBLIC_GTM_ID":"GTM-5ZXKNQC6","NEXT_PUBLIC_SENDMAIL":"https://us-central1-barcatscleaning.cloudfunctions.net/sendEmail","VERCEL_URL":"barcatscleaning.web.app","__FIREBASE_FRAMEWORKS_ENTRY__":"next.js","__FIREBASE_DEFAULTS__":"{\"config\":{\"projectId\":\"barcatscleaning\",\"appId\":\"1:350733304017:web:d4c58173433996facc45f0\",\"databaseURL\":\"https://barcatscleaning-default-rtdb.firebaseio.com\",\"storageBucket\":\"barcatscleaning.appspot.com\",\"locationId\":\"us-central\",\"apiKey\":\"AIzaSyAxpmVj8ZXVRcr5dCfnfTJLNrUhBpA-75k\",\"authDomain\":\"barcatscleaning.firebaseapp.com\",\"messagingSenderId\":\"350733304017\",\"measurementId\":\"G-TZ0W3YVW2G\"},\"_authTokenSyncURL\":\"/__session\"}","FIREBASE_CONFIG":"{\"projectId\":\"barcatscleaning\",\"databaseURL\":\"https://barcatscleaning-default-rtdb.firebaseio.com\",\"storageBucket\":\"barcatscleaning.appspot.com\",\"locationId\":\"us-central\"}","GCLOUD_PROJECT":"barcatscleaning","EVENTARC_CLOUD_EVENT_SOURCE":"projects/barcatscleaning/locations/us-central1/services/ssrbarcatscleaning","FUNCTION_TARGET":"ssrbarcatscleaning","LOG_EXECUTION_ID":"true"},"maxInstanceCount":100,"ingressSettings":"ALLOW_ALL","uri":"https://ssrbarcatscleaning-es33yz3enq-uc.a.run.app","serviceAccountEmail":"350733304017-compute@developer.gserviceaccount.com","availableMemory":"256Mi","allTrafficOnLatestRevision":true,"revision":"ssrbarcatscleaning-00060-fah","maxInstanceRequestConcurrency":80,"availableCpu":"1"},"state":"ACTIVE","labels":{"deployment-tool":"cli-firebase","firebase-functions-codebase":"firebase-frameworks-barcatscleaning","firebase-functions-hash":"0cb6063fdb8d395686036f767746691e582801d5"},"environment":"GEN_2","url":"https://us-central1-barcatscleaning.cloudfunctions.net/ssrbarcatscleaning","satisfiesPzi":true},"stages":[{"name":"BUILD","message":"Build in progress","state":"IN_PROGRESS","resource":"projects/350733304017/locations/us-central1/builds/10af666e-a122-416c-9038-4ef2ab6ef4d4","resourceUri":"https://console.cloud.google.com/cloud-build/builds;region=us-central1/10af666e-a122-416c-9038-4ef2ab6ef4d4?project=350733304017"},{"name":"SERVICE","state":"NOT_STARTED"}],"operationType":"UPDATE_FUNCTION","buildName":"projects/350733304017/locations/us-central1/builds/10af666e-a122-416c-9038-4ef2ab6ef4d4"},"done":false}
[debug] [2025-03-20T02:36:32.022Z] [update-firebase-frameworks-barcatscleaning-us-central1-ssrbarcatscleaning] Retrying task index 0
[debug] [2025-03-20T02:36:32.023Z] >>> [apiv2][query] GET https://cloudfunctions.googleapis.com/v2/projects/barcatscleaning/locations/us-central1/operations/operation-1742438174119-630bd0069560f-e5cb9337-c4a9c2d6 [none]
[debug] [2025-03-20T02:36:32.271Z] <<< [apiv2][status] GET https://cloudfunctions.googleapis.com/v2/projects/barcatscleaning/locations/us-central1/operations/operation-1742438174119-630bd0069560f-e5cb9337-c4a9c2d6 200
[debug] [2025-03-20T02:36:32.272Z] <<< [apiv2][body] GET https://cloudfunctions.googleapis.com/v2/projects/barcatscleaning/locations/us-central1/operations/operation-1742438174119-630bd0069560f-e5cb9337-c4a9c2d6 {"name":"projects/barcatscleaning/locations/us-central1/operations/operation-1742438174119-630bd0069560f-e5cb9337-c4a9c2d6","metadata":{"@type":"type.googleapis.com/google.cloud.functions.v2.OperationMetadata","createTime":"2025-03-20T02:36:15.382463560Z","target":"projects/barcatscleaning/locations/us-central1/functions/ssrbarcatscleaning","verb":"update","cancelRequested":false,"apiVersion":"v2","requestResource":{"@type":"type.googleapis.com/google.cloud.functions.v2.Function","name":"projects/barcatscleaning/locations/us-central1/functions/ssrbarcatscleaning","buildConfig":{"runtime":"nodejs20","entryPoint":"ssrbarcatscleaning","source":{"storageSource":{"bucket":"gcf-v2-sources-350733304017-us-central1","object":"ssrbarcatscleaning/function-source.zip","generation":"1742438175287647"}},"environmentVariables":{"GOOGLE_NODE_RUN_SCRIPTS":""},"dockerRepository":"projects/barcatscleaning/locations/us-central1/repositories/gcf-artifacts","sourceProvenance":{"resolvedStorageSource":{"bucket":"gcf-v2-sources-350733304017-us-central1","object":"ssrbarcatscleaning/function-source.zip","generation":"1742357013326625"}},"dockerRegistry":"ARTIFACT_REGISTRY","automaticUpdatePolicy":{}},"serviceConfig":{"service":"projects/barcatscleaning/locations/us-central1/services/ssrbarcatscleaning","timeoutSeconds":60,"environmentVariables":{"NEXT_PUBLIC_FIREBASE_API_KEY":"AIzaSyAxpmVj8ZXVRcr5dCfnfTJLNrUhBpA-75k","NEXT_PUBLIC_FIREBASE_AUTH_DOMAIN":"barcatscleaning.firebaseapp.com","NEXT_PUBLIC_FIREBASE_DATABASE_URL":"https://barcatscleaning-default-rtdb.firebaseio.com","NEXT_PUBLIC_FIREBASE_PROJECT_ID":"barcatscleaning","NEXT_PUBLIC_FIREBASE_STORAGE_BUCKET":"barcatscleaning.appspot.com","NEXT_PUBLIC_FIREBASE_MESSAGING_SENDER_ID":"350733304017","NEXT_PUBLIC_FIREBASE_APP_ID":"1:350733304017:web:d4c58173433996facc45f0","NEXT_PUBLIC_FIREBASE_MEASUREMENT_ID":"G-TZ0W3YVW2G","SITE_URL":"https://barcats.ca","BC_FIREBASE_PROJECT_ID":"barcatscleaning","BC_FIREBASE_CLIENT_EMAIL":"firebase-adminsdk-shuxf@barcatscleaning.iam.gserviceaccount.com","NEXT_PUBLIC_FIREBASE_USER_UID":"8AcQSiHSTEYUGuhaoo1g9qmj3Xu1","NEXT_PUBLIC_PLACES_ID":"ChIJS4PPuEo1K4gRyqFu33eRp_A","NEXT_PUBLIC_GOOGLE_PLACES_API_KEY":"AIzaSyCnGy75_JmV00IHBleEMoRrZV4rj7J-PwE","NEXT_PUBLIC_HOMEPAGE_IMAGE_DOC":"UNgQ8lrzIDX1063ev1JV","NEXT_PUBLIC_GA_ID":"G-K7THLV1JPR","NEXT_PUBLIC_GTM_ID":"GTM-5ZXKNQC6","NEXT_PUBLIC_SENDMAIL":"https://us-central1-barcatscleaning.cloudfunctions.net/sendEmail","VERCEL_URL":"barcatscleaning.web.app","__FIREBASE_FRAMEWORKS_ENTRY__":"next.js","__FIREBASE_DEFAULTS__":"{\"config\":{\"projectId\":\"barcatscleaning\",\"appId\":\"1:350733304017:web:d4c58173433996facc45f0\",\"databaseURL\":\"https://barcatscleaning-default-rtdb.firebaseio.com\",\"storageBucket\":\"barcatscleaning.appspot.com\",\"locationId\":\"us-central\",\"apiKey\":\"AIzaSyAxpmVj8ZXVRcr5dCfnfTJLNrUhBpA-75k\",\"authDomain\":\"barcatscleaning.firebaseapp.com\",\"messagingSenderId\":\"350733304017\",\"measurementId\":\"G-TZ0W3YVW2G\"},\"_authTokenSyncURL\":\"/__session\"}","FIREBASE_CONFIG":"{\"projectId\":\"barcatscleaning\",\"databaseURL\":\"https://barcatscleaning-default-rtdb.firebaseio.com\",\"storageBucket\":\"barcatscleaning.appspot.com\",\"locationId\":\"us-central\"}","GCLOUD_PROJECT":"barcatscleaning","EVENTARC_CLOUD_EVENT_SOURCE":"projects/barcatscleaning/locations/us-central1/services/ssrbarcatscleaning","FUNCTION_TARGET":"ssrbarcatscleaning","LOG_EXECUTION_ID":"true"},"maxInstanceCount":100,"ingressSettings":"ALLOW_ALL","uri":"https://ssrbarcatscleaning-es33yz3enq-uc.a.run.app","serviceAccountEmail":"350733304017-compute@developer.gserviceaccount.com","availableMemory":"256Mi","allTrafficOnLatestRevision":true,"revision":"ssrbarcatscleaning-00060-fah","maxInstanceRequestConcurrency":80,"availableCpu":"1"},"state":"ACTIVE","labels":{"deployment-tool":"cli-firebase","firebase-functions-codebase":"firebase-frameworks-barcatscleaning","firebase-functions-hash":"0cb6063fdb8d395686036f767746691e582801d5"},"environment":"GEN_2","url":"https://us-central1-barcatscleaning.cloudfunctions.net/ssrbarcatscleaning","satisfiesPzi":true},"stages":[{"name":"BUILD","message":"Build in progress","state":"IN_PROGRESS","resource":"projects/350733304017/locations/us-central1/builds/10af666e-a122-416c-9038-4ef2ab6ef4d4","resourceUri":"https://console.cloud.google.com/cloud-build/builds;region=us-central1/10af666e-a122-416c-9038-4ef2ab6ef4d4?project=350733304017"},{"name":"SERVICE","state":"NOT_STARTED"}],"operationType":"UPDATE_FUNCTION","buildName":"projects/350733304017/locations/us-central1/builds/10af666e-a122-416c-9038-4ef2ab6ef4d4"},"done":false}
[debug] [2025-03-20T02:36:42.277Z] [update-firebase-frameworks-barcatscleaning-us-central1-ssrbarcatscleaning] Retrying task index 0
[debug] [2025-03-20T02:36:42.277Z] >>> [apiv2][query] GET https://cloudfunctions.googleapis.com/v2/projects/barcatscleaning/locations/us-central1/operations/operation-1742438174119-630bd0069560f-e5cb9337-c4a9c2d6 [none]
[debug] [2025-03-20T02:36:42.554Z] <<< [apiv2][status] GET https://cloudfunctions.googleapis.com/v2/projects/barcatscleaning/locations/us-central1/operations/operation-1742438174119-630bd0069560f-e5cb9337-c4a9c2d6 200
[debug] [2025-03-20T02:36:42.555Z] <<< [apiv2][body] GET https://cloudfunctions.googleapis.com/v2/projects/barcatscleaning/locations/us-central1/operations/operation-1742438174119-630bd0069560f-e5cb9337-c4a9c2d6 {"name":"projects/barcatscleaning/locations/us-central1/operations/operation-1742438174119-630bd0069560f-e5cb9337-c4a9c2d6","metadata":{"@type":"type.googleapis.com/google.cloud.functions.v2.OperationMetadata","createTime":"2025-03-20T02:36:15.382463560Z","target":"projects/barcatscleaning/locations/us-central1/functions/ssrbarcatscleaning","verb":"update","cancelRequested":false,"apiVersion":"v2","requestResource":{"@type":"type.googleapis.com/google.cloud.functions.v2.Function","name":"projects/barcatscleaning/locations/us-central1/functions/ssrbarcatscleaning","buildConfig":{"runtime":"nodejs20","entryPoint":"ssrbarcatscleaning","source":{"storageSource":{"bucket":"gcf-v2-sources-350733304017-us-central1","object":"ssrbarcatscleaning/function-source.zip","generation":"1742438175287647"}},"environmentVariables":{"GOOGLE_NODE_RUN_SCRIPTS":""},"dockerRepository":"projects/barcatscleaning/locations/us-central1/repositories/gcf-artifacts","sourceProvenance":{"resolvedStorageSource":{"bucket":"gcf-v2-sources-350733304017-us-central1","object":"ssrbarcatscleaning/function-source.zip","generation":"1742357013326625"}},"dockerRegistry":"ARTIFACT_REGISTRY","automaticUpdatePolicy":{}},"serviceConfig":{"service":"projects/barcatscleaning/locations/us-central1/services/ssrbarcatscleaning","timeoutSeconds":60,"environmentVariables":{"NEXT_PUBLIC_FIREBASE_API_KEY":"AIzaSyAxpmVj8ZXVRcr5dCfnfTJLNrUhBpA-75k","NEXT_PUBLIC_FIREBASE_AUTH_DOMAIN":"barcatscleaning.firebaseapp.com","NEXT_PUBLIC_FIREBASE_DATABASE_URL":"https://barcatscleaning-default-rtdb.firebaseio.com","NEXT_PUBLIC_FIREBASE_PROJECT_ID":"barcatscleaning","NEXT_PUBLIC_FIREBASE_STORAGE_BUCKET":"barcatscleaning.appspot.com","NEXT_PUBLIC_FIREBASE_MESSAGING_SENDER_ID":"350733304017","NEXT_PUBLIC_FIREBASE_APP_ID":"1:350733304017:web:d4c58173433996facc45f0","NEXT_PUBLIC_FIREBASE_MEASUREMENT_ID":"G-TZ0W3YVW2G","SITE_URL":"https://barcats.ca","BC_FIREBASE_PROJECT_ID":"barcatscleaning","BC_FIREBASE_CLIENT_EMAIL":"firebase-adminsdk-shuxf@barcatscleaning.iam.gserviceaccount.com","NEXT_PUBLIC_FIREBASE_USER_UID":"8AcQSiHSTEYUGuhaoo1g9qmj3Xu1","NEXT_PUBLIC_PLACES_ID":"ChIJS4PPuEo1K4gRyqFu33eRp_A","NEXT_PUBLIC_GOOGLE_PLACES_API_KEY":"AIzaSyCnGy75_JmV00IHBleEMoRrZV4rj7J-PwE","NEXT_PUBLIC_HOMEPAGE_IMAGE_DOC":"UNgQ8lrzIDX1063ev1JV","NEXT_PUBLIC_GA_ID":"G-K7THLV1JPR","NEXT_PUBLIC_GTM_ID":"GTM-5ZXKNQC6","NEXT_PUBLIC_SENDMAIL":"https://us-central1-barcatscleaning.cloudfunctions.net/sendEmail","VERCEL_URL":"barcatscleaning.web.app","__FIREBASE_FRAMEWORKS_ENTRY__":"next.js","__FIREBASE_DEFAULTS__":"{\"config\":{\"projectId\":\"barcatscleaning\",\"appId\":\"1:350733304017:web:d4c58173433996facc45f0\",\"databaseURL\":\"https://barcatscleaning-default-rtdb.firebaseio.com\",\"storageBucket\":\"barcatscleaning.appspot.com\",\"locationId\":\"us-central\",\"apiKey\":\"AIzaSyAxpmVj8ZXVRcr5dCfnfTJLNrUhBpA-75k\",\"authDomain\":\"barcatscleaning.firebaseapp.com\",\"messagingSenderId\":\"350733304017\",\"measurementId\":\"G-TZ0W3YVW2G\"},\"_authTokenSyncURL\":\"/__session\"}","FIREBASE_CONFIG":"{\"projectId\":\"barcatscleaning\",\"databaseURL\":\"https://barcatscleaning-default-rtdb.firebaseio.com\",\"storageBucket\":\"barcatscleaning.appspot.com\",\"locationId\":\"us-central\"}","GCLOUD_PROJECT":"barcatscleaning","EVENTARC_CLOUD_EVENT_SOURCE":"projects/barcatscleaning/locations/us-central1/services/ssrbarcatscleaning","FUNCTION_TARGET":"ssrbarcatscleaning","LOG_EXECUTION_ID":"true"},"maxInstanceCount":100,"ingressSettings":"ALLOW_ALL","uri":"https://ssrbarcatscleaning-es33yz3enq-uc.a.run.app","serviceAccountEmail":"350733304017-compute@developer.gserviceaccount.com","availableMemory":"256Mi","allTrafficOnLatestRevision":true,"revision":"ssrbarcatscleaning-00060-fah","maxInstanceRequestConcurrency":80,"availableCpu":"1"},"state":"ACTIVE","labels":{"deployment-tool":"cli-firebase","firebase-functions-codebase":"firebase-frameworks-barcatscleaning","firebase-functions-hash":"0cb6063fdb8d395686036f767746691e582801d5"},"environment":"GEN_2","url":"https://us-central1-barcatscleaning.cloudfunctions.net/ssrbarcatscleaning","satisfiesPzi":true},"stages":[{"name":"BUILD","message":"Build in progress","state":"IN_PROGRESS","resource":"projects/350733304017/locations/us-central1/builds/10af666e-a122-416c-9038-4ef2ab6ef4d4","resourceUri":"https://console.cloud.google.com/cloud-build/builds;region=us-central1/10af666e-a122-416c-9038-4ef2ab6ef4d4?project=350733304017"},{"name":"SERVICE","state":"NOT_STARTED"}],"operationType":"UPDATE_FUNCTION","buildName":"projects/350733304017/locations/us-central1/builds/10af666e-a122-416c-9038-4ef2ab6ef4d4"},"done":false}
[debug] [2025-03-20T02:36:52.556Z] [update-firebase-frameworks-barcatscleaning-us-central1-ssrbarcatscleaning] Retrying task index 0
[debug] [2025-03-20T02:36:52.556Z] >>> [apiv2][query] GET https://cloudfunctions.googleapis.com/v2/projects/barcatscleaning/locations/us-central1/operations/operation-1742438174119-630bd0069560f-e5cb9337-c4a9c2d6 [none]
[debug] [2025-03-20T02:36:52.896Z] <<< [apiv2][status] GET https://cloudfunctions.googleapis.com/v2/projects/barcatscleaning/locations/us-central1/operations/operation-1742438174119-630bd0069560f-e5cb9337-c4a9c2d6 200
[debug] [2025-03-20T02:36:52.896Z] <<< [apiv2][body] GET https://cloudfunctions.googleapis.com/v2/projects/barcatscleaning/locations/us-central1/operations/operation-1742438174119-630bd0069560f-e5cb9337-c4a9c2d6 {"name":"projects/barcatscleaning/locations/us-central1/operations/operation-1742438174119-630bd0069560f-e5cb9337-c4a9c2d6","metadata":{"@type":"type.googleapis.com/google.cloud.functions.v2.OperationMetadata","createTime":"2025-03-20T02:36:15.382463560Z","target":"projects/barcatscleaning/locations/us-central1/functions/ssrbarcatscleaning","verb":"update","cancelRequested":false,"apiVersion":"v2","requestResource":{"@type":"type.googleapis.com/google.cloud.functions.v2.Function","name":"projects/barcatscleaning/locations/us-central1/functions/ssrbarcatscleaning","buildConfig":{"runtime":"nodejs20","entryPoint":"ssrbarcatscleaning","source":{"storageSource":{"bucket":"gcf-v2-sources-350733304017-us-central1","object":"ssrbarcatscleaning/function-source.zip","generation":"1742438175287647"}},"environmentVariables":{"GOOGLE_NODE_RUN_SCRIPTS":""},"dockerRepository":"projects/barcatscleaning/locations/us-central1/repositories/gcf-artifacts","sourceProvenance":{"resolvedStorageSource":{"bucket":"gcf-v2-sources-350733304017-us-central1","object":"ssrbarcatscleaning/function-source.zip","generation":"1742357013326625"}},"dockerRegistry":"ARTIFACT_REGISTRY","automaticUpdatePolicy":{}},"serviceConfig":{"service":"projects/barcatscleaning/locations/us-central1/services/ssrbarcatscleaning","timeoutSeconds":60,"environmentVariables":{"NEXT_PUBLIC_FIREBASE_API_KEY":"AIzaSyAxpmVj8ZXVRcr5dCfnfTJLNrUhBpA-75k","NEXT_PUBLIC_FIREBASE_AUTH_DOMAIN":"barcatscleaning.firebaseapp.com","NEXT_PUBLIC_FIREBASE_DATABASE_URL":"https://barcatscleaning-default-rtdb.firebaseio.com","NEXT_PUBLIC_FIREBASE_PROJECT_ID":"barcatscleaning","NEXT_PUBLIC_FIREBASE_STORAGE_BUCKET":"barcatscleaning.appspot.com","NEXT_PUBLIC_FIREBASE_MESSAGING_SENDER_ID":"350733304017","NEXT_PUBLIC_FIREBASE_APP_ID":"1:350733304017:web:d4c58173433996facc45f0","NEXT_PUBLIC_FIREBASE_MEASUREMENT_ID":"G-TZ0W3YVW2G","SITE_URL":"https://barcats.ca","BC_FIREBASE_PROJECT_ID":"barcatscleaning","BC_FIREBASE_CLIENT_EMAIL":"firebase-adminsdk-shuxf@barcatscleaning.iam.gserviceaccount.com","NEXT_PUBLIC_FIREBASE_USER_UID":"8AcQSiHSTEYUGuhaoo1g9qmj3Xu1","NEXT_PUBLIC_PLACES_ID":"ChIJS4PPuEo1K4gRyqFu33eRp_A","NEXT_PUBLIC_GOOGLE_PLACES_API_KEY":"AIzaSyCnGy75_JmV00IHBleEMoRrZV4rj7J-PwE","NEXT_PUBLIC_HOMEPAGE_IMAGE_DOC":"UNgQ8lrzIDX1063ev1JV","NEXT_PUBLIC_GA_ID":"G-K7THLV1JPR","NEXT_PUBLIC_GTM_ID":"GTM-5ZXKNQC6","NEXT_PUBLIC_SENDMAIL":"https://us-central1-barcatscleaning.cloudfunctions.net/sendEmail","VERCEL_URL":"barcatscleaning.web.app","__FIREBASE_FRAMEWORKS_ENTRY__":"next.js","__FIREBASE_DEFAULTS__":"{\"config\":{\"projectId\":\"barcatscleaning\",\"appId\":\"1:350733304017:web:d4c58173433996facc45f0\",\"databaseURL\":\"https://barcatscleaning-default-rtdb.firebaseio.com\",\"storageBucket\":\"barcatscleaning.appspot.com\",\"locationId\":\"us-central\",\"apiKey\":\"AIzaSyAxpmVj8ZXVRcr5dCfnfTJLNrUhBpA-75k\",\"authDomain\":\"barcatscleaning.firebaseapp.com\",\"messagingSenderId\":\"350733304017\",\"measurementId\":\"G-TZ0W3YVW2G\"},\"_authTokenSyncURL\":\"/__session\"}","FIREBASE_CONFIG":"{\"projectId\":\"barcatscleaning\",\"databaseURL\":\"https://barcatscleaning-default-rtdb.firebaseio.com\",\"storageBucket\":\"barcatscleaning.appspot.com\",\"locationId\":\"us-central\"}","GCLOUD_PROJECT":"barcatscleaning","EVENTARC_CLOUD_EVENT_SOURCE":"projects/barcatscleaning/locations/us-central1/services/ssrbarcatscleaning","FUNCTION_TARGET":"ssrbarcatscleaning","LOG_EXECUTION_ID":"true"},"maxInstanceCount":100,"ingressSettings":"ALLOW_ALL","uri":"https://ssrbarcatscleaning-es33yz3enq-uc.a.run.app","serviceAccountEmail":"350733304017-compute@developer.gserviceaccount.com","availableMemory":"256Mi","allTrafficOnLatestRevision":true,"revision":"ssrbarcatscleaning-00060-fah","maxInstanceRequestConcurrency":80,"availableCpu":"1"},"state":"ACTIVE","labels":{"deployment-tool":"cli-firebase","firebase-functions-codebase":"firebase-frameworks-barcatscleaning","firebase-functions-hash":"0cb6063fdb8d395686036f767746691e582801d5"},"environment":"GEN_2","url":"https://us-central1-barcatscleaning.cloudfunctions.net/ssrbarcatscleaning","satisfiesPzi":true},"stages":[{"name":"BUILD","message":"Build in progress","state":"IN_PROGRESS","resource":"projects/350733304017/locations/us-central1/builds/10af666e-a122-416c-9038-4ef2ab6ef4d4","resourceUri":"https://console.cloud.google.com/cloud-build/builds;region=us-central1/10af666e-a122-416c-9038-4ef2ab6ef4d4?project=350733304017"},{"name":"SERVICE","state":"NOT_STARTED"}],"operationType":"UPDATE_FUNCTION","buildName":"projects/350733304017/locations/us-central1/builds/10af666e-a122-416c-9038-4ef2ab6ef4d4"},"done":false}
[debug] [2025-03-20T02:37:02.896Z] [update-firebase-frameworks-barcatscleaning-us-central1-ssrbarcatscleaning] Retrying task index 0
[debug] [2025-03-20T02:37:02.897Z] >>> [apiv2][query] GET https://cloudfunctions.googleapis.com/v2/projects/barcatscleaning/locations/us-central1/operations/operation-1742438174119-630bd0069560f-e5cb9337-c4a9c2d6 [none]
[debug] [2025-03-20T02:37:03.116Z] <<< [apiv2][status] GET https://cloudfunctions.googleapis.com/v2/projects/barcatscleaning/locations/us-central1/operations/operation-1742438174119-630bd0069560f-e5cb9337-c4a9c2d6 200
[debug] [2025-03-20T02:37:03.116Z] <<< [apiv2][body] GET https://cloudfunctions.googleapis.com/v2/projects/barcatscleaning/locations/us-central1/operations/operation-1742438174119-630bd0069560f-e5cb9337-c4a9c2d6 {"name":"projects/barcatscleaning/locations/us-central1/operations/operation-1742438174119-630bd0069560f-e5cb9337-c4a9c2d6","metadata":{"@type":"type.googleapis.com/google.cloud.functions.v2.OperationMetadata","createTime":"2025-03-20T02:36:15.382463560Z","target":"projects/barcatscleaning/locations/us-central1/functions/ssrbarcatscleaning","verb":"update","cancelRequested":false,"apiVersion":"v2","requestResource":{"@type":"type.googleapis.com/google.cloud.functions.v2.Function","name":"projects/barcatscleaning/locations/us-central1/functions/ssrbarcatscleaning","buildConfig":{"runtime":"nodejs20","entryPoint":"ssrbarcatscleaning","source":{"storageSource":{"bucket":"gcf-v2-sources-350733304017-us-central1","object":"ssrbarcatscleaning/function-source.zip","generation":"1742438175287647"}},"environmentVariables":{"GOOGLE_NODE_RUN_SCRIPTS":""},"dockerRepository":"projects/barcatscleaning/locations/us-central1/repositories/gcf-artifacts","sourceProvenance":{"resolvedStorageSource":{"bucket":"gcf-v2-sources-350733304017-us-central1","object":"ssrbarcatscleaning/function-source.zip","generation":"1742357013326625"}},"dockerRegistry":"ARTIFACT_REGISTRY","automaticUpdatePolicy":{}},"serviceConfig":{"service":"projects/barcatscleaning/locations/us-central1/services/ssrbarcatscleaning","timeoutSeconds":60,"environmentVariables":{"NEXT_PUBLIC_FIREBASE_API_KEY":"AIzaSyAxpmVj8ZXVRcr5dCfnfTJLNrUhBpA-75k","NEXT_PUBLIC_FIREBASE_AUTH_DOMAIN":"barcatscleaning.firebaseapp.com","NEXT_PUBLIC_FIREBASE_DATABASE_URL":"https://barcatscleaning-default-rtdb.firebaseio.com","NEXT_PUBLIC_FIREBASE_PROJECT_ID":"barcatscleaning","NEXT_PUBLIC_FIREBASE_STORAGE_BUCKET":"barcatscleaning.appspot.com","NEXT_PUBLIC_FIREBASE_MESSAGING_SENDER_ID":"350733304017","NEXT_PUBLIC_FIREBASE_APP_ID":"1:350733304017:web:d4c58173433996facc45f0","NEXT_PUBLIC_FIREBASE_MEASUREMENT_ID":"G-TZ0W3YVW2G","SITE_URL":"https://barcats.ca","BC_FIREBASE_PROJECT_ID":"barcatscleaning","BC_FIREBASE_CLIENT_EMAIL":"firebase-adminsdk-shuxf@barcatscleaning.iam.gserviceaccount.com","NEXT_PUBLIC_FIREBASE_USER_UID":"8AcQSiHSTEYUGuhaoo1g9qmj3Xu1","NEXT_PUBLIC_PLACES_ID":"ChIJS4PPuEo1K4gRyqFu33eRp_A","NEXT_PUBLIC_GOOGLE_PLACES_API_KEY":"AIzaSyCnGy75_JmV00IHBleEMoRrZV4rj7J-PwE","NEXT_PUBLIC_HOMEPAGE_IMAGE_DOC":"UNgQ8lrzIDX1063ev1JV","NEXT_PUBLIC_GA_ID":"G-K7THLV1JPR","NEXT_PUBLIC_GTM_ID":"GTM-5ZXKNQC6","NEXT_PUBLIC_SENDMAIL":"https://us-central1-barcatscleaning.cloudfunctions.net/sendEmail","VERCEL_URL":"barcatscleaning.web.app","__FIREBASE_FRAMEWORKS_ENTRY__":"next.js","__FIREBASE_DEFAULTS__":"{\"config\":{\"projectId\":\"barcatscleaning\",\"appId\":\"1:350733304017:web:d4c58173433996facc45f0\",\"databaseURL\":\"https://barcatscleaning-default-rtdb.firebaseio.com\",\"storageBucket\":\"barcatscleaning.appspot.com\",\"locationId\":\"us-central\",\"apiKey\":\"AIzaSyAxpmVj8ZXVRcr5dCfnfTJLNrUhBpA-75k\",\"authDomain\":\"barcatscleaning.firebaseapp.com\",\"messagingSenderId\":\"350733304017\",\"measurementId\":\"G-TZ0W3YVW2G\"},\"_authTokenSyncURL\":\"/__session\"}","FIREBASE_CONFIG":"{\"projectId\":\"barcatscleaning\",\"databaseURL\":\"https://barcatscleaning-default-rtdb.firebaseio.com\",\"storageBucket\":\"barcatscleaning.appspot.com\",\"locationId\":\"us-central\"}","GCLOUD_PROJECT":"barcatscleaning","EVENTARC_CLOUD_EVENT_SOURCE":"projects/barcatscleaning/locations/us-central1/services/ssrbarcatscleaning","FUNCTION_TARGET":"ssrbarcatscleaning","LOG_EXECUTION_ID":"true"},"maxInstanceCount":100,"ingressSettings":"ALLOW_ALL","uri":"https://ssrbarcatscleaning-es33yz3enq-uc.a.run.app","serviceAccountEmail":"350733304017-compute@developer.gserviceaccount.com","availableMemory":"256Mi","allTrafficOnLatestRevision":true,"revision":"ssrbarcatscleaning-00060-fah","maxInstanceRequestConcurrency":80,"availableCpu":"1"},"state":"ACTIVE","labels":{"deployment-tool":"cli-firebase","firebase-functions-codebase":"firebase-frameworks-barcatscleaning","firebase-functions-hash":"0cb6063fdb8d395686036f767746691e582801d5"},"environment":"GEN_2","url":"https://us-central1-barcatscleaning.cloudfunctions.net/ssrbarcatscleaning","satisfiesPzi":true},"stages":[{"name":"BUILD","message":"Build in progress","state":"IN_PROGRESS","resource":"projects/350733304017/locations/us-central1/builds/10af666e-a122-416c-9038-4ef2ab6ef4d4","resourceUri":"https://console.cloud.google.com/cloud-build/builds;region=us-central1/10af666e-a122-416c-9038-4ef2ab6ef4d4?project=350733304017"},{"name":"SERVICE","state":"NOT_STARTED"}],"operationType":"UPDATE_FUNCTION","buildName":"projects/350733304017/locations/us-central1/builds/10af666e-a122-416c-9038-4ef2ab6ef4d4"},"done":false}
